 ⨯ [Error: ENOENT: no such file or directory, open 'C:\Users\josep\OneDrive\Desktop\repos\pantry-app\.next\server\app\page\app-build-manifest.json'] {
  errno: -4058,
  code: 'ENOENT',
  syscall: 'open',
  path: 'C:\\Users\\josep\\OneDrive\\Desktop\\repos\\pantry-app\\.next\\server\\app\\page\\app-build-manifest.json'
}
 ⨯ [Error: ENOENT: no such file or directory, open 'C:\Users\josep\OneDrive\Desktop\repos\pantry-app\.next\static\development\_buildManifest.js.tmp.ezehg6comi'] {
  errno: -4058,
  code: 'ENOENT',
  syscall: 'open',
  path: 'C:\\Users\\josep\\OneDrive\\Desktop\\repos\\pantry-app\\.next\\static\\development\\_buildManifest.js.tmp.ezehg6comi'
}
[Error: ENOENT: no such file or directory, open 'C:\Users\josep\OneDrive\Desktop\repos\pantry-app\.next\server\app\page\app-build-manifest.json'] {
  errno: -4058,
  code: 'ENOENT',
  syscall: 'open',
  path: 'C:\\Users\\josep\\OneDrive\\Desktop\\repos\\pantry-app\\.next\\server\\app\\page\\app-build-manifest.json'
}
 ⨯ [Error: ENOENT: no such file or directory, open 'C:\Users\josep\OneDrive\Desktop\repos\pantry-app\.next\static\development\_buildManifest.js.tmp.d3b4rrl373d'] {
  errno: -4058,
  code: 'ENOENT',
  syscall: 'open',
  path: 'C:\\Users\\josep\\OneDrive\\Desktop\\repos\\pantry-app\\.next\\static\\development\\_buildManifest.js.tmp.d3b4rrl373d'
}
[Error: ENOENT: no such file or directory, open 'C:\Users\josep\OneDrive\Desktop\repos\pantry-app\.next\static\development\_buildManifest.js.tmp.802gv9ktl1t'] {
  errno: -4058,
  code: 'ENOENT',
  syscall: 'open',
  path: 'C:\\Users\\josep\\OneDrive\\Desktop\\repos\\pantry-app\\.next\\static\\development\\_buildManifest.js.tmp.802gv9ktl1t'
}
 ⨯ [Error: ENOENT: no such file or directory, open 'C:\Users\josep\OneDrive\Desktop\repos\pantry-app\.next\server\app\page\app-build-manifest.json'] {
  errno: -4058,
  code: 'ENOENT',
  syscall: 'open',
  path: 'C:\\Users\\josep\\OneDrive\\Desktop\\repos\\pantry-app\\.next\\server\\app\\page\\app-build-manifest.json'
}
 ⨯ [Error: ENOENT: no such file or directory, open 'C:\Users\josep\OneDrive\Desktop\repos\pantry-app\.next\static\development\_buildManifest.js.tmp.imo5ta70yv'] {
  errno: -4058,
  code: 'ENOENT',
  syscall: 'open',
  path: 'C:\\Users\\josep\\OneDrive\\Desktop\\repos\\pantry-app\\.next\\static\\development\\_buildManifest.js.tmp.imo5ta70yv'
}
[Error: ENOENT: no such file or directory, open 'C:\Users\josep\OneDrive\Desktop\repos\pantry-app\.next\server\app\page\app-build-manifest.json'] {
  errno: -4058,
  code: 'ENOENT',
  syscall: 'open',
  path: 'C:\\Users\\josep\\OneDrive\\Desktop\\repos\\pantry-app\\.next\\server\\app\\page\\app-build-manifest.json'
}
 ⨯ [Error: ENOENT: no such file or directory, open 'C:\Users\josep\OneDrive\Desktop\repos\pantry-app\.next\static\development\_buildManifest.js.tmp.djzctd47am'] {
  errno: -4058,
  code: 'ENOENT',
  syscall: 'open',
  path: 'C:\\Users\\josep\\OneDrive\\Desktop\\repos\\pantry-app\\.next\\static\\development\\_buildManifest.js.tmp.djzctd47am'
}
[Error: ENOENT: no such file or directory, open 'C:\Users\josep\OneDrive\Desktop\repos\pantry-app\.next\static\development\_buildManifest.js.tmp.muhloz5hla8'] {
  errno: -4058,
  code: 'ENOENT',
  syscall: 'open',
  path: 'C:\\Users\\josep\\OneDrive\\Desktop\\repos\\pantry-app\\.next\\static\\development\\_buildManifest.js.tmp.muhloz5hla8'
}
 ⨯ [Error: ENOENT: no such file or directory, open 'C:\Users\josep\OneDrive\Desktop\repos\pantry-app\.next\server\app\page\app-build-manifest.json'] {
  errno: -4058,
  code: 'ENOENT',
  syscall: 'open',
  path: 'C:\\Users\\josep\\OneDrive\\Desktop\\repos\\pantry-app\\.next\\server\\app\\page\\app-build-manifest.json'
}
 ⨯ [Error: ENOENT: no such file or directory, open 'C:\Users\josep\OneDrive\Desktop\repos\pantry-app\.next\static\development\_buildManifest.js.tmp.65ni34ahtc'] {
  errno: -4058,
  code: 'ENOENT',
  syscall: 'open',
  path: 'C:\\Users\\josep\\OneDrive\\Desktop\\repos\\pantry-app\\.next\\static\\development\\_buildManifest.js.tmp.65ni34ahtc'
}
[Error: ENOENT: no such file or directory, open 'C:\Users\josep\OneDrive\Desktop\repos\pantry-app\.next\server\app\page\app-build-manifest.json'] {
  errno: -4058,
  code: 'ENOENT',
  syscall: 'open',
  path: 'C:\\Users\\josep\\OneDrive\\Desktop\\repos\\pantry-app\\.next\\server\\app\\page\\app-build-manifest.json'
}
 ⨯ [Error: ENOENT: no such file or directory, open 'C:\Users\josep\OneDrive\Desktop\repos\pantry-app\.next\static\development\_buildManifest.js.tmp.nii6357wqid'] {
  errno: -4058,
  code: 'ENOENT',
  syscall: 'open',
  path: 'C:\\Users\\josep\\OneDrive\\Desktop\\repos\\pantry-app\\.next\\static\\development\\_buildManifest.js.tmp.nii6357wqid'
}
[Error: ENOENT: no such file or directory, open 'C:\Users\josep\OneDrive\Desktop\repos\pantry-app\.next\static\development\_buildManifest.js.tmp.wg5zs2w2twa'] {
  errno: -4058,
  code: 'ENOENT',
  syscall: 'open',
  path: 'C:\\Users\\josep\\OneDrive\\Desktop\\repos\\pantry-app\\.next\\static\\development\\_buildManifest.js.tmp.wg5zs2w2twa'
}
 ⨯ [Error: ENOENT: no such file or directory, open 'C:\Users\josep\OneDrive\Desktop\repos\pantry-app\.next\server\app\page\app-build-manifest.json'] {
  errno: -4058,
  code: 'ENOENT',
  syscall: 'open',
  path: 'C:\\Users\\josep\\OneDrive\\Desktop\\repos\\pantry-app\\.next\\server\\app\\page\\app-build-manifest.json'
}
 ⨯ [Error: ENOENT: no such file or directory, open 'C:\Users\josep\OneDrive\Desktop\repos\pantry-app\.next\static\development\_buildManifest.js.tmp.089ymw886xqx'] {
  errno: -4058,
  code: 'ENOENT',
  syscall: 'open',
  path: 'C:\\Users\\josep\\OneDrive\\Desktop\\repos\\pantry-app\\.next\\static\\development\\_buildManifest.js.tmp.089ymw886xqx'
}
[Error: ENOENT: no such file or directory, open 'C:\Users\josep\OneDrive\Desktop\repos\pantry-app\.next\server\app\page\app-build-manifest.json'] {
  errno: -4058,
  code: 'ENOENT',
  syscall: 'open',
  path: 'C:\\Users\\josep\\OneDrive\\Desktop\\repos\\pantry-app\\.next\\server\\app\\page\\app-build-manifest.json'
}
 ⨯ [Error: ENOENT: no such file or directory, open 'C:\Users\josep\OneDrive\Desktop\repos\pantry-app\.next\static\development\_buildManifest.js.tmp.t0k94la4zyq'] {
  errno: -4058,
  code: 'ENOENT',
  syscall: 'open',
  path: 'C:\\Users\\josep\\OneDrive\\Desktop\\repos\\pantry-app\\.next\\static\\development\\_buildManifest.js.tmp.t0k94la4zyq'
}
[Error: ENOENT: no such file or directory, open 'C:\Users\josep\OneDrive\Desktop\repos\pantry-app\.next\static\development\_buildManifest.js.tmp.119jjm747wrh'] {
  errno: -4058,
  code: 'ENOENT',
  syscall: 'open',
  path: 'C:\\Users\\josep\\OneDrive\\Desktop\\repos\\pantry-app\\.next\\static\\development\\_buildManifest.js.tmp.119jjm747wrh'
}
 ⨯ [Error: ENOENT: no such file or directory, open 'C:\Users\josep\OneDrive\Desktop\repos\pantry-app\.next\server\app\page\app-build-manifest.json'] {
  errno: -4058,
  code: 'ENOENT',
  syscall: 'open',
  path: 'C:\\Users\\josep\\OneDrive\\Desktop\\repos\\pantry-app\\.next\\server\\app\\page\\app-build-manifest.json'
}
 ⨯ [Error: ENOENT: no such file or directory, open 'C:\Users\josep\OneDrive\Desktop\repos\pantry-app\.next\static\development\_buildManifest.js.tmp.bj0lcvh09kd'] {
  errno: -4058,
  code: 'ENOENT',
  syscall: 'open',
  path: 'C:\\Users\\josep\\OneDrive\\Desktop\\repos\\pantry-app\\.next\\static\\development\\_buildManifest.js.tmp.bj0lcvh09kd'
}
[Error: ENOENT: no such file or directory, open 'C:\Users\josep\OneDrive\Desktop\repos\pantry-app\.next\server\app\page\app-build-manifest.json'] {
  errno: -4058,
  code: 'ENOENT',
  syscall: 'open',
  path: 'C:\\Users\\josep\\OneDrive\\Desktop\\repos\\pantry-app\\.next\\server\\app\\page\\app-build-manifest.json'
}
 ⨯ [Error: ENOENT: no such file or directory, open 'C:\Users\josep\OneDrive\Desktop\repos\pantry-app\.next\static\development\_buildManifest.js.tmp.0e15les5fp6c'] {
  errno: -4058,
  code: 'ENOENT',
  syscall: 'open',
  path: 'C:\\Users\\josep\\OneDrive\\Desktop\\repos\\pantry-app\\.next\\static\\development\\_buildManifest.js.tmp.0e15les5fp6c'
}
[Error: ENOENT: no such file or directory, open 'C:\Users\josep\OneDrive\Desktop\repos\pantry-app\.next\static\development\_buildManifest.js.tmp.43zn8kvku5r'] {
  errno: -4058,
  code: 'ENOENT',
  syscall: 'open',
  path: 'C:\\Users\\josep\\OneDrive\\Desktop\\repos\\pantry-app\\.next\\static\\development\\_buildManifest.js.tmp.43zn8kvku5r'
}
 ⨯ [Error: ENOENT: no such file or directory, open 'C:\Users\josep\OneDrive\Desktop\repos\pantry-app\.next\server\app\page\app-build-manifest.json'] {
  errno: -4058,
  code: 'ENOENT',
  syscall: 'open',
  path: 'C:\\Users\\josep\\OneDrive\\Desktop\\repos\\pantry-app\\.next\\server\\app\\page\\app-build-manifest.json'
}
 ⨯ [Error: ENOENT: no such file or directory, open 'C:\Users\josep\OneDrive\Desktop\repos\pantry-app\.next\static\development\_buildManifest.js.tmp.l6a45dqqj2r'] {
  errno: -4058,
  code: 'ENOENT',
  syscall: 'open',
  path: 'C:\\Users\\josep\\OneDrive\\Desktop\\repos\\pantry-app\\.next\\static\\development\\_buildManifest.js.tmp.l6a45dqqj2r'
}
[Error: ENOENT: no such file or directory, open 'C:\Users\josep\OneDrive\Desktop\repos\pantry-app\.next\server\app\page\app-build-manifest.json'] {
  errno: -4058,
  code: 'ENOENT',
  syscall: 'open',
  path: 'C:\\Users\\josep\\OneDrive\\Desktop\\repos\\pantry-app\\.next\\server\\app\\page\\app-build-manifest.json'
}
 ⨯ [Error: ENOENT: no such file or directory, open 'C:\Users\josep\OneDrive\Desktop\repos\pantry-app\.next\static\development\_buildManifest.js.tmp.plrhgm3natd'] {
  errno: -4058,
  code: 'ENOENT',
  syscall: 'open',
  path: 'C:\\Users\\josep\\OneDrive\\Desktop\\repos\\pantry-app\\.next\\static\\development\\_buildManifest.js.tmp.plrhgm3natd'
}
[Error: ENOENT: no such file or directory, open 'C:\Users\josep\OneDrive\Desktop\repos\pantry-app\.next\static\development\_buildManifest.js.tmp.whaxv2rsp9'] {
  errno: -4058,
  code: 'ENOENT',
  syscall: 'open',
  path: 'C:\\Users\\josep\\OneDrive\\Desktop\\repos\\pantry-app\\.next\\static\\development\\_buildManifest.js.tmp.whaxv2rsp9'
}
 ⨯ [Error: ENOENT: no such file or directory, open 'C:\Users\josep\OneDrive\Desktop\repos\pantry-app\.next\server\app\page\app-build-manifest.json'] {
  errno: -4058,
  code: 'ENOENT',
  syscall: 'open',
  path: 'C:\\Users\\josep\\OneDrive\\Desktop\\repos\\pantry-app\\.next\\server\\app\\page\\app-build-manifest.json'
}
 ⨯ [Error: ENOENT: no such file or directory, open 'C:\Users\josep\OneDrive\Desktop\repos\pantry-app\.next\static\development\_buildManifest.js.tmp.1qu6jze7ck5'] {
  errno: -4058,
  code: 'ENOENT',
  syscall: 'open',
  path: 'C:\\Users\\josep\\OneDrive\\Desktop\\repos\\pantry-app\\.next\\static\\development\\_buildManifest.js.tmp.1qu6jze7ck5'
}
[Error: ENOENT: no such file or directory, open 'C:\Users\josep\OneDrive\Desktop\repos\pantry-app\.next\server\app\page\app-build-manifest.json'] {
  errno: -4058,
  code: 'ENOENT',
  syscall: 'open',
  path: 'C:\\Users\\josep\\OneDrive\\Desktop\\repos\\pantry-app\\.next\\server\\app\\page\\app-build-manifest.json'
}
 ⨯ [Error: ENOENT: no such file or directory, open 'C:\Users\josep\OneDrive\Desktop\repos\pantry-app\.next\static\development\_buildManifest.js.tmp.he3w353mmpo'] {
  errno: -4058,
  code: 'ENOENT',
  syscall: 'open',
  path: 'C:\\Users\\josep\\OneDrive\\Desktop\\repos\\pantry-app\\.next\\static\\development\\_buildManifest.js.tmp.he3w353mmpo'
}
[Error: ENOENT: no such file or directory, open 'C:\Users\josep\OneDrive\Desktop\repos\pantry-app\.next\static\development\_buildManifest.js.tmp.w1tlujc4gm'] {
  errno: -4058,
  code: 'ENOENT',
  syscall: 'open',
  path: 'C:\\Users\\josep\\OneDrive\\Desktop\\repos\\pantry-app\\.next\\static\\development\\_buildManifest.js.tmp.w1tlujc4gm'
}
 ⨯ [Error: ENOENT: no such file or directory, open 'C:\Users\josep\OneDrive\Desktop\repos\pantry-app\.next\server\app\page\app-build-manifest.json'] {
  errno: -4058,
  code: 'ENOENT',
  syscall: 'open',
  path: 'C:\\Users\\josep\\OneDrive\\Desktop\\repos\\pantry-app\\.next\\server\\app\\page\\app-build-manifest.json'
}
 ⨯ [Error: ENOENT: no such file or directory, open 'C:\Users\josep\OneDrive\Desktop\repos\pantry-app\.next\static\development\_buildManifest.js.tmp.xro0e0m58xn'] {
  errno: -4058,
  code: 'ENOENT',
  syscall: 'open',
  path: 'C:\\Users\\josep\\OneDrive\\Desktop\\repos\\pantry-app\\.next\\static\\development\\_buildManifest.js.tmp.xro0e0m58xn'
}
[Error: ENOENT: no such file or directory, open 'C:\Users\josep\OneDrive\Desktop\repos\pantry-app\.next\server\app\page\app-build-manifest.json'] {
  errno: -4058,
  code: 'ENOENT',
  syscall: 'open',
  path: 'C:\\Users\\josep\\OneDrive\\Desktop\\repos\\pantry-app\\.next\\server\\app\\page\\app-build-manifest.json'
}
 ⨯ [Error: ENOENT: no such file or directory, open 'C:\Users\josep\OneDrive\Desktop\repos\pantry-app\.next\static\development\_buildManifest.js.tmp.fgtuh2v4rr5'] {
  errno: -4058,
  code: 'ENOENT',
  syscall: 'open',
  path: 'C:\\Users\\josep\\OneDrive\\Desktop\\repos\\pantry-app\\.next\\static\\development\\_buildManifest.js.tmp.fgtuh2v4rr5'
}
[Error: ENOENT: no such file or directory, open 'C:\Users\josep\OneDrive\Desktop\repos\pantry-app\.next\static\development\_buildManifest.js.tmp.nwon112fsi'] {
  errno: -4058,
  code: 'ENOENT',
  syscall: 'open',
  path: 'C:\\Users\\josep\\OneDrive\\Desktop\\repos\\pantry-app\\.next\\static\\development\\_buildManifest.js.tmp.nwon112fsi'
}
 ⨯ [Error: ENOENT: no such file or directory, open 'C:\Users\josep\OneDrive\Desktop\repos\pantry-app\.next\server\app\page\app-build-manifest.json'] {
  errno: -4058,
  code: 'ENOENT',
  syscall: 'open',
  path: 'C:\\Users\\josep\\OneDrive\\Desktop\\repos\\pantry-app\\.next\\server\\app\\page\\app-build-manifest.json'
}
 ⨯ [Error: ENOENT: no such file or directory, open 'C:\Users\josep\OneDrive\Desktop\repos\pantry-app\.next\static\development\_buildManifest.js.tmp.ndrpka52em'] {
  errno: -4058,
  code: 'ENOENT',
  syscall: 'open',
  path: 'C:\\Users\\josep\\OneDrive\\Desktop\\repos\\pantry-app\\.next\\static\\development\\_buildManifest.js.tmp.ndrpka52em'
}
[Error: ENOENT: no such file or directory, open 'C:\Users\josep\OneDrive\Desktop\repos\pantry-app\.next\server\app\page\app-build-manifest.json'] {
  errno: -4058,
  code: 'ENOENT',
  syscall: 'open',
  path: 'C:\\Users\\josep\\OneDrive\\Desktop\\repos\\pantry-app\\.next\\server\\app\\page\\app-build-manifest.json'
}
 ⨯ [Error: ENOENT: no such file or directory, open 'C:\Users\josep\OneDrive\Desktop\repos\pantry-app\.next\static\development\_buildManifest.js.tmp.tmo3i8bb5j'] {
  errno: -4058,
  code: 'ENOENT',
  syscall: 'open',
  path: 'C:\\Users\\josep\\OneDrive\\Desktop\\repos\\pantry-app\\.next\\static\\development\\_buildManifest.js.tmp.tmo3i8bb5j'
}
[Error: ENOENT: no such file or directory, open 'C:\Users\josep\OneDrive\Desktop\repos\pantry-app\.next\static\development\_buildManifest.js.tmp.yr1zlxofqt'] {
  errno: -4058,
  code: 'ENOENT',
  syscall: 'open',
  path: 'C:\\Users\\josep\\OneDrive\\Desktop\\repos\\pantry-app\\.next\\static\\development\\_buildManifest.js.tmp.yr1zlxofqt'
}
 ⨯ [Error: ENOENT: no such file or directory, open 'C:\Users\josep\OneDrive\Desktop\repos\pantry-app\.next\server\app\page\app-build-manifest.json'] {
  errno: -4058,
  code: 'ENOENT',
  syscall: 'open',
  path: 'C:\\Users\\josep\\OneDrive\\Desktop\\repos\\pantry-app\\.next\\server\\app\\page\\app-build-manifest.json'
}
 ⨯ [Error: ENOENT: no such file or directory, open 'C:\Users\josep\OneDrive\Desktop\repos\pantry-app\.next\static\development\_buildManifest.js.tmp.hm8n3cumkp'] {
  errno: -4058,
  code: 'ENOENT',
  syscall: 'open',
  path: 'C:\\Users\\josep\\OneDrive\\Desktop\\repos\\pantry-app\\.next\\static\\development\\_buildManifest.js.tmp.hm8n3cumkp'
}
[Error: ENOENT: no such file or directory, open 'C:\Users\josep\OneDrive\Desktop\repos\pantry-app\.next\server\app\page\app-build-manifest.json'] {
  errno: -4058,
  code: 'ENOENT',
  syscall: 'open',
  path: 'C:\\Users\\josep\\OneDrive\\Desktop\\repos\\pantry-app\\.next\\server\\app\\page\\app-build-manifest.json'
}
 ⨯ [Error: ENOENT: no such file or directory, open 'C:\Users\josep\OneDrive\Desktop\repos\pantry-app\.next\static\development\_buildManifest.js.tmp.h22ae9t4umf'] {
  errno: -4058,
  code: 'ENOENT',
  syscall: 'open',
  path: 'C:\\Users\\josep\\OneDrive\\Desktop\\repos\\pantry-app\\.next\\static\\development\\_buildManifest.js.tmp.h22ae9t4umf'
}
[Error: ENOENT: no such file or directory, open 'C:\Users\josep\OneDrive\Desktop\repos\pantry-app\.next\static\development\_buildManifest.js.tmp.a1qan6uxcdd'] {
  errno: -4058,
  code: 'ENOENT',
  syscall: 'open',
  path: 'C:\\Users\\josep\\OneDrive\\Desktop\\repos\\pantry-app\\.next\\static\\development\\_buildManifest.js.tmp.a1qan6uxcdd'
}
 ⨯ [Error: ENOENT: no such file or directory, open 'C:\Users\josep\OneDrive\Desktop\repos\pantry-app\.next\server\app\page\app-build-manifest.json'] {
  errno: -4058,
  code: 'ENOENT',
  syscall: 'open',
  path: 'C:\\Users\\josep\\OneDrive\\Desktop\\repos\\pantry-app\\.next\\server\\app\\page\\app-build-manifest.json'
}
 ⨯ [Error: ENOENT: no such file or directory, open 'C:\Users\josep\OneDrive\Desktop\repos\pantry-app\.next\static\development\_buildManifest.js.tmp.e6yessgie1'] {
  errno: -4058,
  code: 'ENOENT',
  syscall: 'open',
  path: 'C:\\Users\\josep\\OneDrive\\Desktop\\repos\\pantry-app\\.next\\static\\development\\_buildManifest.js.tmp.e6yessgie1'
}
[Error: ENOENT: no such file or directory, open 'C:\Users\josep\OneDrive\Desktop\repos\pantry-app\.next\server\app\page\app-build-manifest.json'] {
  errno: -4058,
  code: 'ENOENT',
  syscall: 'open',
  path: 'C:\\Users\\josep\\OneDrive\\Desktop\\repos\\pantry-app\\.next\\server\\app\\page\\app-build-manifest.json'
}
 ⨯ [Error: ENOENT: no such file or directory, open 'C:\Users\josep\OneDrive\Desktop\repos\pantry-app\.next\static\development\_buildManifest.js.tmp.a0dqmkh4elo'] {
  errno: -4058,
  code: 'ENOENT',
  syscall: 'open',
  path: 'C:\\Users\\josep\\OneDrive\\Desktop\\repos\\pantry-app\\.next\\static\\development\\_buildManifest.js.tmp.a0dqmkh4elo'
}
[Error: ENOENT: no such file or directory, open 'C:\Users\josep\OneDrive\Desktop\repos\pantry-app\.next\static\development\_buildManifest.js.tmp.xn5zvrqlnv8'] {
  errno: -4058,
  code: 'ENOENT',
  syscall: 'open',
  path: 'C:\\Users\\josep\\OneDrive\\Desktop\\repos\\pantry-app\\.next\\static\\development\\_buildManifest.js.tmp.xn5zvrqlnv8'
}
 ⨯ [Error: ENOENT: no such file or directory, open 'C:\Users\josep\OneDrive\Desktop\repos\pantry-app\.next\server\app\page\app-build-manifest.json'] {
  errno: -4058,
  code: 'ENOENT',
  syscall: 'open',
  path: 'C:\\Users\\josep\\OneDrive\\Desktop\\repos\\pantry-app\\.next\\server\\app\\page\\app-build-manifest.json'
}
 ⨯ [Error: ENOENT: no such file or directory, open 'C:\Users\josep\OneDrive\Desktop\repos\pantry-app\.next\static\development\_buildManifest.js.tmp.rh1g1olcvjd'] {
  errno: -4058,
  code: 'ENOENT',
  syscall: 'open',
  path: 'C:\\Users\\josep\\OneDrive\\Desktop\\repos\\pantry-app\\.next\\static\\development\\_buildManifest.js.tmp.rh1g1olcvjd'
}
[Error: ENOENT: no such file or directory, open 'C:\Users\josep\OneDrive\Desktop\repos\pantry-app\.next\server\app\page\app-build-manifest.json'] {
  errno: -4058,
  code: 'ENOENT',
  syscall: 'open',
  path: 'C:\\Users\\josep\\OneDrive\\Desktop\\repos\\pantry-app\\.next\\server\\app\\page\\app-build-manifest.json'
}
 ⨯ [Error: ENOENT: no such file or directory, open 'C:\Users\josep\OneDrive\Desktop\repos\pantry-app\.next\static\development\_buildManifest.js.tmp.v5k20tpnfji'] {
  errno: -4058,
  code: 'ENOENT',
  syscall: 'open',
  path: 'C:\\Users\\josep\\OneDrive\\Desktop\\repos\\pantry-app\\.next\\static\\development\\_buildManifest.js.tmp.v5k20tpnfji'
}
[Error: ENOENT: no such file or directory, open 'C:\Users\josep\OneDrive\Desktop\repos\pantry-app\.next\static\development\_buildManifest.js.tmp.x6ilcp09cn'] {
  errno: -4058,
  code: 'ENOENT',
  syscall: 'open',
  path: 'C:\\Users\\josep\\OneDrive\\Desktop\\repos\\pantry-app\\.next\\static\\development\\_buildManifest.js.tmp.x6ilcp09cn'
}
 ⨯ [Error: ENOENT: no such file or directory, open 'C:\Users\josep\OneDrive\Desktop\repos\pantry-app\.next\server\app\page\app-build-manifest.json'] {
  errno: -4058,
  code: 'ENOENT',
  syscall: 'open',
  path: 'C:\\Users\\josep\\OneDrive\\Desktop\\repos\\pantry-app\\.next\\server\\app\\page\\app-build-manifest.json'
}
 ⨯ [Error: ENOENT: no such file or directory, open 'C:\Users\josep\OneDrive\Desktop\repos\pantry-app\.next\static\development\_buildManifest.js.tmp.iwypx5p4i7'] {
  errno: -4058,
  code: 'ENOENT',
  syscall: 'open',
  path: 'C:\\Users\\josep\\OneDrive\\Desktop\\repos\\pantry-app\\.next\\static\\development\\_buildManifest.js.tmp.iwypx5p4i7'
}
[Error: ENOENT: no such file or directory, open 'C:\Users\josep\OneDrive\Desktop\repos\pantry-app\.next\server\app\page\app-build-manifest.json'] {
  errno: -4058,
  code: 'ENOENT',
  syscall: 'open',
  path: 'C:\\Users\\josep\\OneDrive\\Desktop\\repos\\pantry-app\\.next\\server\\app\\page\\app-build-manifest.json'
}
 ⨯ [Error: ENOENT: no such file or directory, open 'C:\Users\josep\OneDrive\Desktop\repos\pantry-app\.next\static\development\_buildManifest.js.tmp.mx6uiwbbirq'] {
  errno: -4058,
  code: 'ENOENT',
  syscall: 'open',
  path: 'C:\\Users\\josep\\OneDrive\\Desktop\\repos\\pantry-app\\.next\\static\\development\\_buildManifest.js.tmp.mx6uiwbbirq'
}
[Error: ENOENT: no such file or directory, open 'C:\Users\josep\OneDrive\Desktop\repos\pantry-app\.next\static\development\_buildManifest.js.tmp.hk89n33ujer'] {
  errno: -4058,
  code: 'ENOENT',
  syscall: 'open',
  path: 'C:\\Users\\josep\\OneDrive\\Desktop\\repos\\pantry-app\\.next\\static\\development\\_buildManifest.js.tmp.hk89n33ujer'
}
 ⨯ [Error: ENOENT: no such file or directory, open 'C:\Users\josep\OneDrive\Desktop\repos\pantry-app\.next\server\app\page\app-build-manifest.json'] {
  errno: -4058,
  code: 'ENOENT',
  syscall: 'open',
  path: 'C:\\Users\\josep\\OneDrive\\Desktop\\repos\\pantry-app\\.next\\server\\app\\page\\app-build-manifest.json'
}
 ⨯ [Error: ENOENT: no such file or directory, open 'C:\Users\josep\OneDrive\Desktop\repos\pantry-app\.next\static\development\_buildManifest.js.tmp.nqd11m167de'] {
  errno: -4058,
  code: 'ENOENT',
  syscall: 'open',
  path: 'C:\\Users\\josep\\OneDrive\\Desktop\\repos\\pantry-app\\.next\\static\\development\\_buildManifest.js.tmp.nqd11m167de'
}
[Error: ENOENT: no such file or directory, open 'C:\Users\josep\OneDrive\Desktop\repos\pantry-app\.next\server\app\page\app-build-manifest.json'] {
  errno: -4058,
  code: 'ENOENT',
  syscall: 'open',
  path: 'C:\\Users\\josep\\OneDrive\\Desktop\\repos\\pantry-app\\.next\\server\\app\\page\\app-build-manifest.json'
}
 ⨯ [Error: ENOENT: no such file or directory, open 'C:\Users\josep\OneDrive\Desktop\repos\pantry-app\.next\static\development\_buildManifest.js.tmp.ps1wyhh1ivm'] {
  errno: -4058,
  code: 'ENOENT',
  syscall: 'open',
  path: 'C:\\Users\\josep\\OneDrive\\Desktop\\repos\\pantry-app\\.next\\static\\development\\_buildManifest.js.tmp.ps1wyhh1ivm'
}
[Error: ENOENT: no such file or directory, open 'C:\Users\josep\OneDrive\Desktop\repos\pantry-app\.next\static\development\_buildManifest.js.tmp.4iwuovttjvl'] {
  errno: -4058,
  code: 'ENOENT',
  syscall: 'open',
  path: 'C:\\Users\\josep\\OneDrive\\Desktop\\repos\\pantry-app\\.next\\static\\development\\_buildManifest.js.tmp.4iwuovttjvl'
}
 ⨯ [Error: ENOENT: no such file or directory, open 'C:\Users\josep\OneDrive\Desktop\repos\pantry-app\.next\server\app\page\app-build-manifest.json'] {
  errno: -4058,
  code: 'ENOENT',
  syscall: 'open',
  path: 'C:\\Users\\josep\\OneDrive\\Desktop\\repos\\pantry-app\\.next\\server\\app\\page\\app-build-manifest.json'
}
 ⨯ [Error: ENOENT: no such file or directory, open 'C:\Users\josep\OneDrive\Desktop\repos\pantry-app\.next\static\development\_buildManifest.js.tmp.ubh7gaj26ej'] {
  errno: -4058,
  code: 'ENOENT',
  syscall: 'open',
  path: 'C:\\Users\\josep\\OneDrive\\Desktop\\repos\\pantry-app\\.next\\static\\development\\_buildManifest.js.tmp.ubh7gaj26ej'
}
[Error: ENOENT: no such file or directory, open 'C:\Users\josep\OneDrive\Desktop\repos\pantry-app\.next\server\app\page\app-build-manifest.json'] {
  errno: -4058,
  code: 'ENOENT',
  syscall: 'open',
  path: 'C:\\Users\\josep\\OneDrive\\Desktop\\repos\\pantry-app\\.next\\server\\app\\page\\app-build-manifest.json'
}
 ⨯ [Error: ENOENT: no such file or directory, open 'C:\Users\josep\OneDrive\Desktop\repos\pantry-app\.next\static\development\_buildManifest.js.tmp.mahbafchahe'] {
  errno: -4058,
  code: 'ENOENT',
  syscall: 'open',
  path: 'C:\\Users\\josep\\OneDrive\\Desktop\\repos\\pantry-app\\.next\\static\\development\\_buildManifest.js.tmp.mahbafchahe'
}
[Error: ENOENT: no such file or directory, open 'C:\Users\josep\OneDrive\Desktop\repos\pantry-app\.next\static\development\_buildManifest.js.tmp.g8rfjnig9zk'] {
  errno: -4058,
  code: 'ENOENT',
  syscall: 'open',
  path: 'C:\\Users\\josep\\OneDrive\\Desktop\\repos\\pantry-app\\.next\\static\\development\\_buildManifest.js.tmp.g8rfjnig9zk'
}
 ⨯ [Error: ENOENT: no such file or directory, open 'C:\Users\josep\OneDrive\Desktop\repos\pantry-app\.next\server\app\page\app-build-manifest.json'] {
  errno: -4058,
  code: 'ENOENT',
  syscall: 'open',
  path: 'C:\\Users\\josep\\OneDrive\\Desktop\\repos\\pantry-app\\.next\\server\\app\\page\\app-build-manifest.json'
}
 ⨯ [Error: ENOENT: no such file or directory, open 'C:\Users\josep\OneDrive\Desktop\repos\pantry-app\.next\static\development\_buildManifest.js.tmp.fyph2o1jykc'] {
  errno: -4058,
  code: 'ENOENT',
  syscall: 'open',
  path: 'C:\\Users\\josep\\OneDrive\\Desktop\\repos\\pantry-app\\.next\\static\\development\\_buildManifest.js.tmp.fyph2o1jykc'
}
[Error: ENOENT: no such file or directory, open 'C:\Users\josep\OneDrive\Desktop\repos\pantry-app\.next\server\app\page\app-build-manifest.json'] {
  errno: -4058,
  code: 'ENOENT',
  syscall: 'open',
  path: 'C:\\Users\\josep\\OneDrive\\Desktop\\repos\\pantry-app\\.next\\server\\app\\page\\app-build-manifest.json'
}
 ⨯ [Error: ENOENT: no such file or directory, open 'C:\Users\josep\OneDrive\Desktop\repos\pantry-app\.next\static\development\_buildManifest.js.tmp.f147bchzdrv'] {
  errno: -4058,
  code: 'ENOENT',
  syscall: 'open',
  path: 'C:\\Users\\josep\\OneDrive\\Desktop\\repos\\pantry-app\\.next\\static\\development\\_buildManifest.js.tmp.f147bchzdrv'
}
[Error: ENOENT: no such file or directory, open 'C:\Users\josep\OneDrive\Desktop\repos\pantry-app\.next\static\development\_buildManifest.js.tmp.j7eggllcjbd'] {
  errno: -4058,
  code: 'ENOENT',
  syscall: 'open',
  path: 'C:\\Users\\josep\\OneDrive\\Desktop\\repos\\pantry-app\\.next\\static\\development\\_buildManifest.js.tmp.j7eggllcjbd'
}
 ⨯ [Error: ENOENT: no such file or directory, open 'C:\Users\josep\OneDrive\Desktop\repos\pantry-app\.next\server\app\page\app-build-manifest.json'] {
  errno: -4058,
  code: 'ENOENT',
  syscall: 'open',
  path: 'C:\\Users\\josep\\OneDrive\\Desktop\\repos\\pantry-app\\.next\\server\\app\\page\\app-build-manifest.json'
}
 ⨯ [Error: ENOENT: no such file or directory, open 'C:\Users\josep\OneDrive\Desktop\repos\pantry-app\.next\static\development\_buildManifest.js.tmp.s0odlfwb48i'] {
  errno: -4058,
  code: 'ENOENT',
  syscall: 'open',
  path: 'C:\\Users\\josep\\OneDrive\\Desktop\\repos\\pantry-app\\.next\\static\\development\\_buildManifest.js.tmp.s0odlfwb48i'
}
[Error: ENOENT: no such file or directory, open 'C:\Users\josep\OneDrive\Desktop\repos\pantry-app\.next\server\app\page\app-build-manifest.json'] {
  errno: -4058,
  code: 'ENOENT',
  syscall: 'open',
  path: 'C:\\Users\\josep\\OneDrive\\Desktop\\repos\\pantry-app\\.next\\server\\app\\page\\app-build-manifest.json'
}
 ⨯ [Error: ENOENT: no such file or directory, open 'C:\Users\josep\OneDrive\Desktop\repos\pantry-app\.next\static\development\_buildManifest.js.tmp.xpu0gi8ploo'] {
  errno: -4058,
  code: 'ENOENT',
  syscall: 'open',
  path: 'C:\\Users\\josep\\OneDrive\\Desktop\\repos\\pantry-app\\.next\\static\\development\\_buildManifest.js.tmp.xpu0gi8ploo'
}
[Error: ENOENT: no such file or directory, open 'C:\Users\josep\OneDrive\Desktop\repos\pantry-app\.next\static\development\_buildManifest.js.tmp.iil8x6guvz8'] {
  errno: -4058,
  code: 'ENOENT',
  syscall: 'open',
  path: 'C:\\Users\\josep\\OneDrive\\Desktop\\repos\\pantry-app\\.next\\static\\development\\_buildManifest.js.tmp.iil8x6guvz8'
}
 ⨯ [Error: ENOENT: no such file or directory, open 'C:\Users\josep\OneDrive\Desktop\repos\pantry-app\.next\server\app\page\app-build-manifest.json'] {
  errno: -4058,
  code: 'ENOENT',
  syscall: 'open',
  path: 'C:\\Users\\josep\\OneDrive\\Desktop\\repos\\pantry-app\\.next\\server\\app\\page\\app-build-manifest.json'
}
 ⨯ [Error: ENOENT: no such file or directory, open 'C:\Users\josep\OneDrive\Desktop\repos\pantry-app\.next\static\development\_buildManifest.js.tmp.vq3ghlgonw'] {
  errno: -4058,
  code: 'ENOENT',
  syscall: 'open',
  path: 'C:\\Users\\josep\\OneDrive\\Desktop\\repos\\pantry-app\\.next\\static\\development\\_buildManifest.js.tmp.vq3ghlgonw'
}
[Error: ENOENT: no such file or directory, open 'C:\Users\josep\OneDrive\Desktop\repos\pantry-app\.next\server\app\page\app-build-manifest.json'] {
  errno: -4058,
  code: 'ENOENT',
  syscall: 'open',
  path: 'C:\\Users\\josep\\OneDrive\\Desktop\\repos\\pantry-app\\.next\\server\\app\\page\\app-build-manifest.json'
}
 ⨯ [Error: ENOENT: no such file or directory, open 'C:\Users\josep\OneDrive\Desktop\repos\pantry-app\.next\static\development\_buildManifest.js.tmp.7sr8stxnsp6'] {
  errno: -4058,
  code: 'ENOENT',
  syscall: 'open',
  path: 'C:\\Users\\josep\\OneDrive\\Desktop\\repos\\pantry-app\\.next\\static\\development\\_buildManifest.js.tmp.7sr8stxnsp6'
}
[Error: ENOENT: no such file or directory, open 'C:\Users\josep\OneDrive\Desktop\repos\pantry-app\.next\static\development\_buildManifest.js.tmp.3qoplgd2r94'] {
  errno: -4058,
  code: 'ENOENT',
  syscall: 'open',
  path: 'C:\\Users\\josep\\OneDrive\\Desktop\\repos\\pantry-app\\.next\\static\\development\\_buildManifest.js.tmp.3qoplgd2r94'
}
 ⨯ [Error: ENOENT: no such file or directory, open 'C:\Users\josep\OneDrive\Desktop\repos\pantry-app\.next\server\app\page\app-build-manifest.json'] {
  errno: -4058,
  code: 'ENOENT',
  syscall: 'open',
  path: 'C:\\Users\\josep\\OneDrive\\Desktop\\repos\\pantry-app\\.next\\server\\app\\page\\app-build-manifest.json'
}
 ⨯ [Error: ENOENT: no such file or directory, open 'C:\Users\josep\OneDrive\Desktop\repos\pantry-app\.next\static\development\_buildManifest.js.tmp.o32ybb6s9h8'] {
  errno: -4058,
  code: 'ENOENT',
  syscall: 'open',
  path: 'C:\\Users\\josep\\OneDrive\\Desktop\\repos\\pantry-app\\.next\\static\\development\\_buildManifest.js.tmp.o32ybb6s9h8'
}
[Error: ENOENT: no such file or directory, open 'C:\Users\josep\OneDrive\Desktop\repos\pantry-app\.next\server\app\page\app-build-manifest.json'] {
  errno: -4058,
  code: 'ENOENT',
  syscall: 'open',
  path: 'C:\\Users\\josep\\OneDrive\\Desktop\\repos\\pantry-app\\.next\\server\\app\\page\\app-build-manifest.json'
}
 ⨯ [Error: ENOENT: no such file or directory, open 'C:\Users\josep\OneDrive\Desktop\repos\pantry-app\.next\static\development\_buildManifest.js.tmp.omii72ondys'] {
  errno: -4058,
  code: 'ENOENT',
  syscall: 'open',
  path: 'C:\\Users\\josep\\OneDrive\\Desktop\\repos\\pantry-app\\.next\\static\\development\\_buildManifest.js.tmp.omii72ondys'
}
[Error: ENOENT: no such file or directory, open 'C:\Users\josep\OneDrive\Desktop\repos\pantry-app\.next\static\development\_buildManifest.js.tmp.xot7mvke7kh'] {
  errno: -4058,
  code: 'ENOENT',
  syscall: 'open',
  path: 'C:\\Users\\josep\\OneDrive\\Desktop\\repos\\pantry-app\\.next\\static\\development\\_buildManifest.js.tmp.xot7mvke7kh'
}
 ⨯ [Error: ENOENT: no such file or directory, open 'C:\Users\josep\OneDrive\Desktop\repos\pantry-app\.next\server\app\page\app-build-manifest.json'] {
  errno: -4058,
  code: 'ENOENT',
  syscall: 'open',
  path: 'C:\\Users\\josep\\OneDrive\\Desktop\\repos\\pantry-app\\.next\\server\\app\\page\\app-build-manifest.json'
}
 ⨯ [Error: ENOENT: no such file or directory, open 'C:\Users\josep\OneDrive\Desktop\repos\pantry-app\.next\static\development\_buildManifest.js.tmp.mfbgmdx6t5k'] {
  errno: -4058,
  code: 'ENOENT',
  syscall: 'open',
  path: 'C:\\Users\\josep\\OneDrive\\Desktop\\repos\\pantry-app\\.next\\static\\development\\_buildManifest.js.tmp.mfbgmdx6t5k'
}
[Error: ENOENT: no such file or directory, open 'C:\Users\josep\OneDrive\Desktop\repos\pantry-app\.next\server\app\page\app-build-manifest.json'] {
  errno: -4058,
  code: 'ENOENT',
  syscall: 'open',
  path: 'C:\\Users\\josep\\OneDrive\\Desktop\\repos\\pantry-app\\.next\\server\\app\\page\\app-build-manifest.json'
}
 ⨯ [Error: ENOENT: no such file or directory, open 'C:\Users\josep\OneDrive\Desktop\repos\pantry-app\.next\static\development\_buildManifest.js.tmp.0q0x591zws5'] {
  errno: -4058,
  code: 'ENOENT',
  syscall: 'open',
  path: 'C:\\Users\\josep\\OneDrive\\Desktop\\repos\\pantry-app\\.next\\static\\development\\_buildManifest.js.tmp.0q0x591zws5'
}
[Error: ENOENT: no such file or directory, open 'C:\Users\josep\OneDrive\Desktop\repos\pantry-app\.next\static\development\_buildManifest.js.tmp.oc123t04mqe'] {
  errno: -4058,
  code: 'ENOENT',
  syscall: 'open',
  path: 'C:\\Users\\josep\\OneDrive\\Desktop\\repos\\pantry-app\\.next\\static\\development\\_buildManifest.js.tmp.oc123t04mqe'
}
 ⨯ [Error: ENOENT: no such file or directory, open 'C:\Users\josep\OneDrive\Desktop\repos\pantry-app\.next\server\app\page\app-build-manifest.json'] {
  errno: -4058,
  code: 'ENOENT',
  syscall: 'open',
  path: 'C:\\Users\\josep\\OneDrive\\Desktop\\repos\\pantry-app\\.next\\server\\app\\page\\app-build-manifest.json'
}
 ⨯ [Error: ENOENT: no such file or directory, open 'C:\Users\josep\OneDrive\Desktop\repos\pantry-app\.next\static\development\_buildManifest.js.tmp.naxg6w7nuoi'] {
  errno: -4058,
  code: 'ENOENT',
  syscall: 'open',
  path: 'C:\\Users\\josep\\OneDrive\\Desktop\\repos\\pantry-app\\.next\\static\\development\\_buildManifest.js.tmp.naxg6w7nuoi'
}
[Error: ENOENT: no such file or directory, open 'C:\Users\josep\OneDrive\Desktop\repos\pantry-app\.next\server\app\page\app-build-manifest.json'] {
  errno: -4058,
  code: 'ENOENT',
  syscall: 'open',
  path: 'C:\\Users\\josep\\OneDrive\\Desktop\\repos\\pantry-app\\.next\\server\\app\\page\\app-build-manifest.json'
}
 ⨯ [Error: ENOENT: no such file or directory, open 'C:\Users\josep\OneDrive\Desktop\repos\pantry-app\.next\static\development\_buildManifest.js.tmp.cypjicxo3vm'] {
  errno: -4058,
  code: 'ENOENT',
  syscall: 'open',
  path: 'C:\\Users\\josep\\OneDrive\\Desktop\\repos\\pantry-app\\.next\\static\\development\\_buildManifest.js.tmp.cypjicxo3vm'
}
[Error: ENOENT: no such file or directory, open 'C:\Users\josep\OneDrive\Desktop\repos\pantry-app\.next\static\development\_buildManifest.js.tmp.p0qxxd49smg'] {
  errno: -4058,
  code: 'ENOENT',
  syscall: 'open',
  path: 'C:\\Users\\josep\\OneDrive\\Desktop\\repos\\pantry-app\\.next\\static\\development\\_buildManifest.js.tmp.p0qxxd49smg'
}
 ⨯ [Error: ENOENT: no such file or directory, open 'C:\Users\josep\OneDrive\Desktop\repos\pantry-app\.next\server\app\page\app-build-manifest.json'] {
  errno: -4058,
  code: 'ENOENT',
  syscall: 'open',
  path: 'C:\\Users\\josep\\OneDrive\\Desktop\\repos\\pantry-app\\.next\\server\\app\\page\\app-build-manifest.json'
}
 ⨯ [Error: ENOENT: no such file or directory, open 'C:\Users\josep\OneDrive\Desktop\repos\pantry-app\.next\static\development\_buildManifest.js.tmp.tt01hxa9yil'] {
  errno: -4058,
  code: 'ENOENT',
  syscall: 'open',
  path: 'C:\\Users\\josep\\OneDrive\\Desktop\\repos\\pantry-app\\.next\\static\\development\\_buildManifest.js.tmp.tt01hxa9yil'
}
[Error: ENOENT: no such file or directory, open 'C:\Users\josep\OneDrive\Desktop\repos\pantry-app\.next\server\app\page\app-build-manifest.json'] {
  errno: -4058,
  code: 'ENOENT',
  syscall: 'open',
  path: 'C:\\Users\\josep\\OneDrive\\Desktop\\repos\\pantry-app\\.next\\server\\app\\page\\app-build-manifest.json'
}
 ⨯ [Error: ENOENT: no such file or directory, open 'C:\Users\josep\OneDrive\Desktop\repos\pantry-app\.next\static\development\_buildManifest.js.tmp.zuz08h3iowi'] {
  errno: -4058,
  code: 'ENOENT',
  syscall: 'open',
  path: 'C:\\Users\\josep\\OneDrive\\Desktop\\repos\\pantry-app\\.next\\static\\development\\_buildManifest.js.tmp.zuz08h3iowi'
}
[Error: ENOENT: no such file or directory, open 'C:\Users\josep\OneDrive\Desktop\repos\pantry-app\.next\static\development\_buildManifest.js.tmp.ornb1k0nl1'] {
  errno: -4058,
  code: 'ENOENT',
  syscall: 'open',
  path: 'C:\\Users\\josep\\OneDrive\\Desktop\\repos\\pantry-app\\.next\\static\\development\\_buildManifest.js.tmp.ornb1k0nl1'
}
 ⨯ [Error: ENOENT: no such file or directory, open 'C:\Users\josep\OneDrive\Desktop\repos\pantry-app\.next\server\app\page\app-build-manifest.json'] {
  errno: -4058,
  code: 'ENOENT',
  syscall: 'open',
  path: 'C:\\Users\\josep\\OneDrive\\Desktop\\repos\\pantry-app\\.next\\server\\app\\page\\app-build-manifest.json'
}
 ⨯ [Error: ENOENT: no such file or directory, open 'C:\Users\josep\OneDrive\Desktop\repos\pantry-app\.next\static\development\_buildManifest.js.tmp.le2bifyty5e'] {
  errno: -4058,
  code: 'ENOENT',
  syscall: 'open',
  path: 'C:\\Users\\josep\\OneDrive\\Desktop\\repos\\pantry-app\\.next\\static\\development\\_buildManifest.js.tmp.le2bifyty5e'
}
[Error: ENOENT: no such file or directory, open 'C:\Users\josep\OneDrive\Desktop\repos\pantry-app\.next\server\app\page\app-build-manifest.json'] {
  errno: -4058,
  code: 'ENOENT',
  syscall: 'open',
  path: 'C:\\Users\\josep\\OneDrive\\Desktop\\repos\\pantry-app\\.next\\server\\app\\page\\app-build-manifest.json'
}
 ⨯ [Error: ENOENT: no such file or directory, open 'C:\Users\josep\OneDrive\Desktop\repos\pantry-app\.next\static\development\_buildManifest.js.tmp.88bp2ddpcbp'] {
  errno: -4058,
  code: 'ENOENT',
  syscall: 'open',
  path: 'C:\\Users\\josep\\OneDrive\\Desktop\\repos\\pantry-app\\.next\\static\\development\\_buildManifest.js.tmp.88bp2ddpcbp'
}
[Error: ENOENT: no such file or directory, open 'C:\Users\josep\OneDrive\Desktop\repos\pantry-app\.next\static\development\_buildManifest.js.tmp.z82t4fpkvr'] {
  errno: -4058,
  code: 'ENOENT',
  syscall: 'open',
  path: 'C:\\Users\\josep\\OneDrive\\Desktop\\repos\\pantry-app\\.next\\static\\development\\_buildManifest.js.tmp.z82t4fpkvr'
}
 ⨯ [Error: ENOENT: no such file or directory, open 'C:\Users\josep\OneDrive\Desktop\repos\pantry-app\.next\server\app\page\app-build-manifest.json'] {
  errno: -4058,
  code: 'ENOENT',
  syscall: 'open',
  path: 'C:\\Users\\josep\\OneDrive\\Desktop\\repos\\pantry-app\\.next\\server\\app\\page\\app-build-manifest.json'
}
 ⨯ [Error: ENOENT: no such file or directory, open 'C:\Users\josep\OneDrive\Desktop\repos\pantry-app\.next\static\development\_buildManifest.js.tmp.u56pf3kzwt'] {
  errno: -4058,
  code: 'ENOENT',
  syscall: 'open',
  path: 'C:\\Users\\josep\\OneDrive\\Desktop\\repos\\pantry-app\\.next\\static\\development\\_buildManifest.js.tmp.u56pf3kzwt'
}
[Error: ENOENT: no such file or directory, open 'C:\Users\josep\OneDrive\Desktop\repos\pantry-app\.next\server\app\page\app-build-manifest.json'] {
  errno: -4058,
  code: 'ENOENT',
  syscall: 'open',
  path: 'C:\\Users\\josep\\OneDrive\\Desktop\\repos\\pantry-app\\.next\\server\\app\\page\\app-build-manifest.json'
}
 ⨯ [Error: ENOENT: no such file or directory, open 'C:\Users\josep\OneDrive\Desktop\repos\pantry-app\.next\static\development\_buildManifest.js.tmp.9mpckd8ovr8'] {
  errno: -4058,
  code: 'ENOENT',
  syscall: 'open',
  path: 'C:\\Users\\josep\\OneDrive\\Desktop\\repos\\pantry-app\\.next\\static\\development\\_buildManifest.js.tmp.9mpckd8ovr8'
}
[Error: ENOENT: no such file or directory, open 'C:\Users\josep\OneDrive\Desktop\repos\pantry-app\.next\static\development\_buildManifest.js.tmp.6xfr1ja2or5'] {
  errno: -4058,
  code: 'ENOENT',
  syscall: 'open',
  path: 'C:\\Users\\josep\\OneDrive\\Desktop\\repos\\pantry-app\\.next\\static\\development\\_buildManifest.js.tmp.6xfr1ja2or5'
}
 ⨯ [Error: ENOENT: no such file or directory, open 'C:\Users\josep\OneDrive\Desktop\repos\pantry-app\.next\server\app\page\app-build-manifest.json'] {
  errno: -4058,
  code: 'ENOENT',
  syscall: 'open',
  path: 'C:\\Users\\josep\\OneDrive\\Desktop\\repos\\pantry-app\\.next\\server\\app\\page\\app-build-manifest.json'
}
 ⨯ [Error: ENOENT: no such file or directory, open 'C:\Users\josep\OneDrive\Desktop\repos\pantry-app\.next\static\development\_buildManifest.js.tmp.8vmcntlk6wm'] {
  errno: -4058,
  code: 'ENOENT',
  syscall: 'open',
  path: 'C:\\Users\\josep\\OneDrive\\Desktop\\repos\\pantry-app\\.next\\static\\development\\_buildManifest.js.tmp.8vmcntlk6wm'
}
[Error: ENOENT: no such file or directory, open 'C:\Users\josep\OneDrive\Desktop\repos\pantry-app\.next\server\app\page\app-build-manifest.json'] {
  errno: -4058,
  code: 'ENOENT',
  syscall: 'open',
  path: 'C:\\Users\\josep\\OneDrive\\Desktop\\repos\\pantry-app\\.next\\server\\app\\page\\app-build-manifest.json'
}
 ⨯ [Error: ENOENT: no such file or directory, open 'C:\Users\josep\OneDrive\Desktop\repos\pantry-app\.next\static\development\_buildManifest.js.tmp.ecp0jrbanqi'] {
  errno: -4058,
  code: 'ENOENT',
  syscall: 'open',
  path: 'C:\\Users\\josep\\OneDrive\\Desktop\\repos\\pantry-app\\.next\\static\\development\\_buildManifest.js.tmp.ecp0jrbanqi'
}
[Error: ENOENT: no such file or directory, open 'C:\Users\josep\OneDrive\Desktop\repos\pantry-app\.next\static\development\_buildManifest.js.tmp.jeqfpp0utwc'] {
  errno: -4058,
  code: 'ENOENT',
  syscall: 'open',
  path: 'C:\\Users\\josep\\OneDrive\\Desktop\\repos\\pantry-app\\.next\\static\\development\\_buildManifest.js.tmp.jeqfpp0utwc'
}
 ⨯ [Error: ENOENT: no such file or directory, open 'C:\Users\josep\OneDrive\Desktop\repos\pantry-app\.next\server\app\page\app-build-manifest.json'] {
  errno: -4058,
  code: 'ENOENT',
  syscall: 'open',
  path: 'C:\\Users\\josep\\OneDrive\\Desktop\\repos\\pantry-app\\.next\\server\\app\\page\\app-build-manifest.json'
}
 ⨯ [Error: ENOENT: no such file or directory, open 'C:\Users\josep\OneDrive\Desktop\repos\pantry-app\.next\static\development\_buildManifest.js.tmp.6a66uxrlvgc'] {
  errno: -4058,
  code: 'ENOENT',
  syscall: 'open',
  path: 'C:\\Users\\josep\\OneDrive\\Desktop\\repos\\pantry-app\\.next\\static\\development\\_buildManifest.js.tmp.6a66uxrlvgc'
}
[Error: ENOENT: no such file or directory, open 'C:\Users\josep\OneDrive\Desktop\repos\pantry-app\.next\server\app\page\app-build-manifest.json'] {
  errno: -4058,
  code: 'ENOENT',
  syscall: 'open',
  path: 'C:\\Users\\josep\\OneDrive\\Desktop\\repos\\pantry-app\\.next\\server\\app\\page\\app-build-manifest.json'
}
 ⨯ [Error: ENOENT: no such file or directory, open 'C:\Users\josep\OneDrive\Desktop\repos\pantry-app\.next\static\development\_buildManifest.js.tmp.34xrjazkvsw'] {
  errno: -4058,
  code: 'ENOENT',
  syscall: 'open',
  path: 'C:\\Users\\josep\\OneDrive\\Desktop\\repos\\pantry-app\\.next\\static\\development\\_buildManifest.js.tmp.34xrjazkvsw'
}
[Error: ENOENT: no such file or directory, open 'C:\Users\josep\OneDrive\Desktop\repos\pantry-app\.next\static\development\_buildManifest.js.tmp.w5ggeoywwh'] {
  errno: -4058,
  code: 'ENOENT',
  syscall: 'open',
  path: 'C:\\Users\\josep\\OneDrive\\Desktop\\repos\\pantry-app\\.next\\static\\development\\_buildManifest.js.tmp.w5ggeoywwh'
}
 ⨯ [Error: ENOENT: no such file or directory, open 'C:\Users\josep\OneDrive\Desktop\repos\pantry-app\.next\server\app\page\app-build-manifest.json'] {
  errno: -4058,
  code: 'ENOENT',
  syscall: 'open',
  path: 'C:\\Users\\josep\\OneDrive\\Desktop\\repos\\pantry-app\\.next\\server\\app\\page\\app-build-manifest.json'
}
 ⨯ [Error: ENOENT: no such file or directory, open 'C:\Users\josep\OneDrive\Desktop\repos\pantry-app\.next\static\development\_buildManifest.js.tmp.gr1lvdbbbcp'] {
  errno: -4058,
  code: 'ENOENT',
  syscall: 'open',
  path: 'C:\\Users\\josep\\OneDrive\\Desktop\\repos\\pantry-app\\.next\\static\\development\\_buildManifest.js.tmp.gr1lvdbbbcp'
}
[Error: ENOENT: no such file or directory, open 'C:\Users\josep\OneDrive\Desktop\repos\pantry-app\.next\server\app\page\app-build-manifest.json'] {
  errno: -4058,
  code: 'ENOENT',
  syscall: 'open',
  path: 'C:\\Users\\josep\\OneDrive\\Desktop\\repos\\pantry-app\\.next\\server\\app\\page\\app-build-manifest.json'
}
 ⨯ [Error: ENOENT: no such file or directory, open 'C:\Users\josep\OneDrive\Desktop\repos\pantry-app\.next\static\development\_buildManifest.js.tmp.qjodi53yke'] {
  errno: -4058,
  code: 'ENOENT',
  syscall: 'open',
  path: 'C:\\Users\\josep\\OneDrive\\Desktop\\repos\\pantry-app\\.next\\static\\development\\_buildManifest.js.tmp.qjodi53yke'
}
[Error: ENOENT: no such file or directory, open 'C:\Users\josep\OneDrive\Desktop\repos\pantry-app\.next\static\development\_buildManifest.js.tmp.h41hdpyrq7p'] {
  errno: -4058,
  code: 'ENOENT',
  syscall: 'open',
  path: 'C:\\Users\\josep\\OneDrive\\Desktop\\repos\\pantry-app\\.next\\static\\development\\_buildManifest.js.tmp.h41hdpyrq7p'
}
 ⨯ [Error: ENOENT: no such file or directory, open 'C:\Users\josep\OneDrive\Desktop\repos\pantry-app\.next\server\app\page\app-build-manifest.json'] {
  errno: -4058,
  code: 'ENOENT',
  syscall: 'open',
  path: 'C:\\Users\\josep\\OneDrive\\Desktop\\repos\\pantry-app\\.next\\server\\app\\page\\app-build-manifest.json'
}
 ⨯ [Error: ENOENT: no such file or directory, open 'C:\Users\josep\OneDrive\Desktop\repos\pantry-app\.next\static\development\_buildManifest.js.tmp.1gfj8zefq5h'] {
  errno: -4058,
  code: 'ENOENT',
  syscall: 'open',
  path: 'C:\\Users\\josep\\OneDrive\\Desktop\\repos\\pantry-app\\.next\\static\\development\\_buildManifest.js.tmp.1gfj8zefq5h'
}
[Error: ENOENT: no such file or directory, open 'C:\Users\josep\OneDrive\Desktop\repos\pantry-app\.next\server\app\page\app-build-manifest.json'] {
  errno: -4058,
  code: 'ENOENT',
  syscall: 'open',
  path: 'C:\\Users\\josep\\OneDrive\\Desktop\\repos\\pantry-app\\.next\\server\\app\\page\\app-build-manifest.json'
}
 ⨯ [Error: ENOENT: no such file or directory, open 'C:\Users\josep\OneDrive\Desktop\repos\pantry-app\.next\static\development\_buildManifest.js.tmp.138godqxj55'] {
  errno: -4058,
  code: 'ENOENT',
  syscall: 'open',
  path: 'C:\\Users\\josep\\OneDrive\\Desktop\\repos\\pantry-app\\.next\\static\\development\\_buildManifest.js.tmp.138godqxj55'
}
[Error: ENOENT: no such file or directory, open 'C:\Users\josep\OneDrive\Desktop\repos\pantry-app\.next\static\development\_buildManifest.js.tmp.zlsj0p7zjfj'] {
  errno: -4058,
  code: 'ENOENT',
  syscall: 'open',
  path: 'C:\\Users\\josep\\OneDrive\\Desktop\\repos\\pantry-app\\.next\\static\\development\\_buildManifest.js.tmp.zlsj0p7zjfj'
}
 ⨯ [Error: ENOENT: no such file or directory, open 'C:\Users\josep\OneDrive\Desktop\repos\pantry-app\.next\server\app\page\app-build-manifest.json'] {
  errno: -4058,
  code: 'ENOENT',
  syscall: 'open',
  path: 'C:\\Users\\josep\\OneDrive\\Desktop\\repos\\pantry-app\\.next\\server\\app\\page\\app-build-manifest.json'
}
 ⨯ [Error: ENOENT: no such file or directory, open 'C:\Users\josep\OneDrive\Desktop\repos\pantry-app\.next\static\development\_buildManifest.js.tmp.8gsw95aw5nu'] {
  errno: -4058,
  code: 'ENOENT',
  syscall: 'open',
  path: 'C:\\Users\\josep\\OneDrive\\Desktop\\repos\\pantry-app\\.next\\static\\development\\_buildManifest.js.tmp.8gsw95aw5nu'
}
[Error: ENOENT: no such file or directory, open 'C:\Users\josep\OneDrive\Desktop\repos\pantry-app\.next\server\app\page\app-build-manifest.json'] {
  errno: -4058,
  code: 'ENOENT',
  syscall: 'open',
  path: 'C:\\Users\\josep\\OneDrive\\Desktop\\repos\\pantry-app\\.next\\server\\app\\page\\app-build-manifest.json'
}
 ⨯ [Error: ENOENT: no such file or directory, open 'C:\Users\josep\OneDrive\Desktop\repos\pantry-app\.next\static\development\_buildManifest.js.tmp.fijbh1b4fdc'] {
  errno: -4058,
  code: 'ENOENT',
  syscall: 'open',
  path: 'C:\\Users\\josep\\OneDrive\\Desktop\\repos\\pantry-app\\.next\\static\\development\\_buildManifest.js.tmp.fijbh1b4fdc'
}
[Error: ENOENT: no such file or directory, open 'C:\Users\josep\OneDrive\Desktop\repos\pantry-app\.next\static\development\_buildManifest.js.tmp.7smpcd4a4zt'] {
  errno: -4058,
  code: 'ENOENT',
  syscall: 'open',
  path: 'C:\\Users\\josep\\OneDrive\\Desktop\\repos\\pantry-app\\.next\\static\\development\\_buildManifest.js.tmp.7smpcd4a4zt'
}
 ⨯ [Error: ENOENT: no such file or directory, open 'C:\Users\josep\OneDrive\Desktop\repos\pantry-app\.next\server\app\page\app-build-manifest.json'] {
  errno: -4058,
  code: 'ENOENT',
  syscall: 'open',
  path: 'C:\\Users\\josep\\OneDrive\\Desktop\\repos\\pantry-app\\.next\\server\\app\\page\\app-build-manifest.json'
}
 ⨯ [Error: ENOENT: no such file or directory, open 'C:\Users\josep\OneDrive\Desktop\repos\pantry-app\.next\static\development\_buildManifest.js.tmp.r9rn1637bf9'] {
  errno: -4058,
  code: 'ENOENT',
  syscall: 'open',
  path: 'C:\\Users\\josep\\OneDrive\\Desktop\\repos\\pantry-app\\.next\\static\\development\\_buildManifest.js.tmp.r9rn1637bf9'
}
[Error: ENOENT: no such file or directory, open 'C:\Users\josep\OneDrive\Desktop\repos\pantry-app\.next\server\app\page\app-build-manifest.json'] {
  errno: -4058,
  code: 'ENOENT',
  syscall: 'open',
  path: 'C:\\Users\\josep\\OneDrive\\Desktop\\repos\\pantry-app\\.next\\server\\app\\page\\app-build-manifest.json'
}
 ⨯ [Error: ENOENT: no such file or directory, open 'C:\Users\josep\OneDrive\Desktop\repos\pantry-app\.next\static\development\_buildManifest.js.tmp.zpst175x37'] {
  errno: -4058,
  code: 'ENOENT',
  syscall: 'open',
  path: 'C:\\Users\\josep\\OneDrive\\Desktop\\repos\\pantry-app\\.next\\static\\development\\_buildManifest.js.tmp.zpst175x37'
}
[Error: ENOENT: no such file or directory, open 'C:\Users\josep\OneDrive\Desktop\repos\pantry-app\.next\static\development\_buildManifest.js.tmp.ho8zqmmynmb'] {
  errno: -4058,
  code: 'ENOENT',
  syscall: 'open',
  path: 'C:\\Users\\josep\\OneDrive\\Desktop\\repos\\pantry-app\\.next\\static\\development\\_buildManifest.js.tmp.ho8zqmmynmb'
}
 ⨯ [Error: ENOENT: no such file or directory, open 'C:\Users\josep\OneDrive\Desktop\repos\pantry-app\.next\server\app\page\app-build-manifest.json'] {
  errno: -4058,
  code: 'ENOENT',
  syscall: 'open',
  path: 'C:\\Users\\josep\\OneDrive\\Desktop\\repos\\pantry-app\\.next\\server\\app\\page\\app-build-manifest.json'
}
 ⨯ [Error: ENOENT: no such file or directory, open 'C:\Users\josep\OneDrive\Desktop\repos\pantry-app\.next\static\development\_buildManifest.js.tmp.g2pfwckev2'] {
  errno: -4058,
  code: 'ENOENT',
  syscall: 'open',
  path: 'C:\\Users\\josep\\OneDrive\\Desktop\\repos\\pantry-app\\.next\\static\\development\\_buildManifest.js.tmp.g2pfwckev2'
}
[Error: ENOENT: no such file or directory, open 'C:\Users\josep\OneDrive\Desktop\repos\pantry-app\.next\server\app\page\app-build-manifest.json'] {
  errno: -4058,
  code: 'ENOENT',
  syscall: 'open',
  path: 'C:\\Users\\josep\\OneDrive\\Desktop\\repos\\pantry-app\\.next\\server\\app\\page\\app-build-manifest.json'
}
 ⨯ [Error: ENOENT: no such file or directory, open 'C:\Users\josep\OneDrive\Desktop\repos\pantry-app\.next\static\development\_buildManifest.js.tmp.ivta9mmzbii'] {
  errno: -4058,
  code: 'ENOENT',
  syscall: 'open',
  path: 'C:\\Users\\josep\\OneDrive\\Desktop\\repos\\pantry-app\\.next\\static\\development\\_buildManifest.js.tmp.ivta9mmzbii'
}
[Error: ENOENT: no such file or directory, open 'C:\Users\josep\OneDrive\Desktop\repos\pantry-app\.next\static\development\_buildManifest.js.tmp.npecotlsfk'] {
  errno: -4058,
  code: 'ENOENT',
  syscall: 'open',
  path: 'C:\\Users\\josep\\OneDrive\\Desktop\\repos\\pantry-app\\.next\\static\\development\\_buildManifest.js.tmp.npecotlsfk'
}
 ⨯ [Error: ENOENT: no such file or directory, open 'C:\Users\josep\OneDrive\Desktop\repos\pantry-app\.next\server\app\page\app-build-manifest.json'] {
  errno: -4058,
  code: 'ENOENT',
  syscall: 'open',
  path: 'C:\\Users\\josep\\OneDrive\\Desktop\\repos\\pantry-app\\.next\\server\\app\\page\\app-build-manifest.json'
}
 ⨯ [Error: ENOENT: no such file or directory, open 'C:\Users\josep\OneDrive\Desktop\repos\pantry-app\.next\static\development\_buildManifest.js.tmp.skaa42ij56e'] {
  errno: -4058,
  code: 'ENOENT',
  syscall: 'open',
  path: 'C:\\Users\\josep\\OneDrive\\Desktop\\repos\\pantry-app\\.next\\static\\development\\_buildManifest.js.tmp.skaa42ij56e'
}
[Error: ENOENT: no such file or directory, open 'C:\Users\josep\OneDrive\Desktop\repos\pantry-app\.next\server\app\page\app-build-manifest.json'] {
  errno: -4058,
  code: 'ENOENT',
  syscall: 'open',
  path: 'C:\\Users\\josep\\OneDrive\\Desktop\\repos\\pantry-app\\.next\\server\\app\\page\\app-build-manifest.json'
}
 ⨯ [Error: ENOENT: no such file or directory, open 'C:\Users\josep\OneDrive\Desktop\repos\pantry-app\.next\static\development\_buildManifest.js.tmp.hora49bt4qm'] {
  errno: -4058,
  code: 'ENOENT',
  syscall: 'open',
  path: 'C:\\Users\\josep\\OneDrive\\Desktop\\repos\\pantry-app\\.next\\static\\development\\_buildManifest.js.tmp.hora49bt4qm'
}
[Error: ENOENT: no such file or directory, open 'C:\Users\josep\OneDrive\Desktop\repos\pantry-app\.next\static\development\_buildManifest.js.tmp.b5o3qjyz6oo'] {
  errno: -4058,
  code: 'ENOENT',
  syscall: 'open',
  path: 'C:\\Users\\josep\\OneDrive\\Desktop\\repos\\pantry-app\\.next\\static\\development\\_buildManifest.js.tmp.b5o3qjyz6oo'
}
 ⨯ [Error: ENOENT: no such file or directory, open 'C:\Users\josep\OneDrive\Desktop\repos\pantry-app\.next\server\app\page\app-build-manifest.json'] {
  errno: -4058,
  code: 'ENOENT',
  syscall: 'open',
  path: 'C:\\Users\\josep\\OneDrive\\Desktop\\repos\\pantry-app\\.next\\server\\app\\page\\app-build-manifest.json'
}
 ⨯ [Error: ENOENT: no such file or directory, open 'C:\Users\josep\OneDrive\Desktop\repos\pantry-app\.next\static\development\_buildManifest.js.tmp.hs4ytoah3a8'] {
  errno: -4058,
  code: 'ENOENT',
  syscall: 'open',
  path: 'C:\\Users\\josep\\OneDrive\\Desktop\\repos\\pantry-app\\.next\\static\\development\\_buildManifest.js.tmp.hs4ytoah3a8'
}
[Error: ENOENT: no such file or directory, open 'C:\Users\josep\OneDrive\Desktop\repos\pantry-app\.next\server\app\page\app-build-manifest.json'] {
  errno: -4058,
  code: 'ENOENT',
  syscall: 'open',
  path: 'C:\\Users\\josep\\OneDrive\\Desktop\\repos\\pantry-app\\.next\\server\\app\\page\\app-build-manifest.json'
}
 ⨯ [Error: ENOENT: no such file or directory, open 'C:\Users\josep\OneDrive\Desktop\repos\pantry-app\.next\static\development\_buildManifest.js.tmp.ehu4j6nm5zj'] {
  errno: -4058,
  code: 'ENOENT',
  syscall: 'open',
  path: 'C:\\Users\\josep\\OneDrive\\Desktop\\repos\\pantry-app\\.next\\static\\development\\_buildManifest.js.tmp.ehu4j6nm5zj'
}
[Error: ENOENT: no such file or directory, open 'C:\Users\josep\OneDrive\Desktop\repos\pantry-app\.next\static\development\_buildManifest.js.tmp.1ea21x86f4k'] {
  errno: -4058,
  code: 'ENOENT',
  syscall: 'open',
  path: 'C:\\Users\\josep\\OneDrive\\Desktop\\repos\\pantry-app\\.next\\static\\development\\_buildManifest.js.tmp.1ea21x86f4k'
}
 ⨯ [Error: ENOENT: no such file or directory, open 'C:\Users\josep\OneDrive\Desktop\repos\pantry-app\.next\server\app\page\app-build-manifest.json'] {
  errno: -4058,
  code: 'ENOENT',
  syscall: 'open',
  path: 'C:\\Users\\josep\\OneDrive\\Desktop\\repos\\pantry-app\\.next\\server\\app\\page\\app-build-manifest.json'
}
 ⨯ [Error: ENOENT: no such file or directory, open 'C:\Users\josep\OneDrive\Desktop\repos\pantry-app\.next\static\development\_buildManifest.js.tmp.a4lhvtwsl6b'] {
  errno: -4058,
  code: 'ENOENT',
  syscall: 'open',
  path: 'C:\\Users\\josep\\OneDrive\\Desktop\\repos\\pantry-app\\.next\\static\\development\\_buildManifest.js.tmp.a4lhvtwsl6b'
}
[Error: ENOENT: no such file or directory, open 'C:\Users\josep\OneDrive\Desktop\repos\pantry-app\.next\server\app\page\app-build-manifest.json'] {
  errno: -4058,
  code: 'ENOENT',
  syscall: 'open',
  path: 'C:\\Users\\josep\\OneDrive\\Desktop\\repos\\pantry-app\\.next\\server\\app\\page\\app-build-manifest.json'
}
 ⨯ [Error: ENOENT: no such file or directory, open 'C:\Users\josep\OneDrive\Desktop\repos\pantry-app\.next\static\development\_buildManifest.js.tmp.482m2xcru5y'] {
  errno: -4058,
  code: 'ENOENT',
  syscall: 'open',
  path: 'C:\\Users\\josep\\OneDrive\\Desktop\\repos\\pantry-app\\.next\\static\\development\\_buildManifest.js.tmp.482m2xcru5y'
}
[Error: ENOENT: no such file or directory, open 'C:\Users\josep\OneDrive\Desktop\repos\pantry-app\.next\static\development\_buildManifest.js.tmp.545kyhpfs3a'] {
  errno: -4058,
  code: 'ENOENT',
  syscall: 'open',
  path: 'C:\\Users\\josep\\OneDrive\\Desktop\\repos\\pantry-app\\.next\\static\\development\\_buildManifest.js.tmp.545kyhpfs3a'
}
 ⨯ [Error: ENOENT: no such file or directory, open 'C:\Users\josep\OneDrive\Desktop\repos\pantry-app\.next\server\app\page\app-build-manifest.json'] {
  errno: -4058,
  code: 'ENOENT',
  syscall: 'open',
  path: 'C:\\Users\\josep\\OneDrive\\Desktop\\repos\\pantry-app\\.next\\server\\app\\page\\app-build-manifest.json'
}
 ⨯ [Error: ENOENT: no such file or directory, open 'C:\Users\josep\OneDrive\Desktop\repos\pantry-app\.next\static\development\_buildManifest.js.tmp.ecom80z3wl7'] {
  errno: -4058,
  code: 'ENOENT',
  syscall: 'open',
  path: 'C:\\Users\\josep\\OneDrive\\Desktop\\repos\\pantry-app\\.next\\static\\development\\_buildManifest.js.tmp.ecom80z3wl7'
}
[Error: ENOENT: no such file or directory, open 'C:\Users\josep\OneDrive\Desktop\repos\pantry-app\.next\server\app\page\app-build-manifest.json'] {
  errno: -4058,
  code: 'ENOENT',
  syscall: 'open',
  path: 'C:\\Users\\josep\\OneDrive\\Desktop\\repos\\pantry-app\\.next\\server\\app\\page\\app-build-manifest.json'
}
 ⨯ [Error: ENOENT: no such file or directory, open 'C:\Users\josep\OneDrive\Desktop\repos\pantry-app\.next\static\development\_buildManifest.js.tmp.do65no33z18'] {
  errno: -4058,
  code: 'ENOENT',
  syscall: 'open',
  path: 'C:\\Users\\josep\\OneDrive\\Desktop\\repos\\pantry-app\\.next\\static\\development\\_buildManifest.js.tmp.do65no33z18'
}
[Error: ENOENT: no such file or directory, open 'C:\Users\josep\OneDrive\Desktop\repos\pantry-app\.next\static\development\_buildManifest.js.tmp.gp1lve1kig'] {
  errno: -4058,
  code: 'ENOENT',
  syscall: 'open',
  path: 'C:\\Users\\josep\\OneDrive\\Desktop\\repos\\pantry-app\\.next\\static\\development\\_buildManifest.js.tmp.gp1lve1kig'
}
 ⨯ [Error: ENOENT: no such file or directory, open 'C:\Users\josep\OneDrive\Desktop\repos\pantry-app\.next\server\app\page\app-build-manifest.json'] {
  errno: -4058,
  code: 'ENOENT',
  syscall: 'open',
  path: 'C:\\Users\\josep\\OneDrive\\Desktop\\repos\\pantry-app\\.next\\server\\app\\page\\app-build-manifest.json'
}
 ⨯ [Error: ENOENT: no such file or directory, open 'C:\Users\josep\OneDrive\Desktop\repos\pantry-app\.next\static\development\_buildManifest.js.tmp.2430j2nq3pb'] {
  errno: -4058,
  code: 'ENOENT',
  syscall: 'open',
  path: 'C:\\Users\\josep\\OneDrive\\Desktop\\repos\\pantry-app\\.next\\static\\development\\_buildManifest.js.tmp.2430j2nq3pb'
}
[Error: ENOENT: no such file or directory, open 'C:\Users\josep\OneDrive\Desktop\repos\pantry-app\.next\server\app\page\app-build-manifest.json'] {
  errno: -4058,
  code: 'ENOENT',
  syscall: 'open',
  path: 'C:\\Users\\josep\\OneDrive\\Desktop\\repos\\pantry-app\\.next\\server\\app\\page\\app-build-manifest.json'
}
 ⨯ [Error: ENOENT: no such file or directory, open 'C:\Users\josep\OneDrive\Desktop\repos\pantry-app\.next\static\development\_buildManifest.js.tmp.7tsvvfxd5k5'] {
  errno: -4058,
  code: 'ENOENT',
  syscall: 'open',
  path: 'C:\\Users\\josep\\OneDrive\\Desktop\\repos\\pantry-app\\.next\\static\\development\\_buildManifest.js.tmp.7tsvvfxd5k5'
}
[Error: ENOENT: no such file or directory, open 'C:\Users\josep\OneDrive\Desktop\repos\pantry-app\.next\static\development\_buildManifest.js.tmp.miwuljytcs'] {
  errno: -4058,
  code: 'ENOENT',
  syscall: 'open',
  path: 'C:\\Users\\josep\\OneDrive\\Desktop\\repos\\pantry-app\\.next\\static\\development\\_buildManifest.js.tmp.miwuljytcs'
}
 ⨯ [Error: ENOENT: no such file or directory, open 'C:\Users\josep\OneDrive\Desktop\repos\pantry-app\.next\server\app\page\app-build-manifest.json'] {
  errno: -4058,
  code: 'ENOENT',
  syscall: 'open',
  path: 'C:\\Users\\josep\\OneDrive\\Desktop\\repos\\pantry-app\\.next\\server\\app\\page\\app-build-manifest.json'
}
 ⨯ [Error: ENOENT: no such file or directory, open 'C:\Users\josep\OneDrive\Desktop\repos\pantry-app\.next\static\development\_buildManifest.js.tmp.8zsdpezeme'] {
  errno: -4058,
  code: 'ENOENT',
  syscall: 'open',
  path: 'C:\\Users\\josep\\OneDrive\\Desktop\\repos\\pantry-app\\.next\\static\\development\\_buildManifest.js.tmp.8zsdpezeme'
}
[Error: ENOENT: no such file or directory, open 'C:\Users\josep\OneDrive\Desktop\repos\pantry-app\.next\server\app\page\app-build-manifest.json'] {
  errno: -4058,
  code: 'ENOENT',
  syscall: 'open',
  path: 'C:\\Users\\josep\\OneDrive\\Desktop\\repos\\pantry-app\\.next\\server\\app\\page\\app-build-manifest.json'
}
 ⨯ [Error: ENOENT: no such file or directory, open 'C:\Users\josep\OneDrive\Desktop\repos\pantry-app\.next\static\development\_buildManifest.js.tmp.f3evyeqhxq7'] {
  errno: -4058,
  code: 'ENOENT',
  syscall: 'open',
  path: 'C:\\Users\\josep\\OneDrive\\Desktop\\repos\\pantry-app\\.next\\static\\development\\_buildManifest.js.tmp.f3evyeqhxq7'
}
[Error: ENOENT: no such file or directory, open 'C:\Users\josep\OneDrive\Desktop\repos\pantry-app\.next\static\development\_buildManifest.js.tmp.qbal3tl4neo'] {
  errno: -4058,
  code: 'ENOENT',
  syscall: 'open',
  path: 'C:\\Users\\josep\\OneDrive\\Desktop\\repos\\pantry-app\\.next\\static\\development\\_buildManifest.js.tmp.qbal3tl4neo'
}
 ⨯ [Error: ENOENT: no such file or directory, open 'C:\Users\josep\OneDrive\Desktop\repos\pantry-app\.next\server\app\page\app-build-manifest.json'] {
  errno: -4058,
  code: 'ENOENT',
  syscall: 'open',
  path: 'C:\\Users\\josep\\OneDrive\\Desktop\\repos\\pantry-app\\.next\\server\\app\\page\\app-build-manifest.json'
}
 ⨯ [Error: ENOENT: no such file or directory, open 'C:\Users\josep\OneDrive\Desktop\repos\pantry-app\.next\static\development\_buildManifest.js.tmp.7klsbu87d4l'] {
  errno: -4058,
  code: 'ENOENT',
  syscall: 'open',
  path: 'C:\\Users\\josep\\OneDrive\\Desktop\\repos\\pantry-app\\.next\\static\\development\\_buildManifest.js.tmp.7klsbu87d4l'
}
[Error: ENOENT: no such file or directory, open 'C:\Users\josep\OneDrive\Desktop\repos\pantry-app\.next\server\app\page\app-build-manifest.json'] {
  errno: -4058,
  code: 'ENOENT',
  syscall: 'open',
  path: 'C:\\Users\\josep\\OneDrive\\Desktop\\repos\\pantry-app\\.next\\server\\app\\page\\app-build-manifest.json'
}
 ⨯ [Error: ENOENT: no such file or directory, open 'C:\Users\josep\OneDrive\Desktop\repos\pantry-app\.next\static\development\_buildManifest.js.tmp.wtufar3bki'] {
  errno: -4058,
  code: 'ENOENT',
  syscall: 'open',
  path: 'C:\\Users\\josep\\OneDrive\\Desktop\\repos\\pantry-app\\.next\\static\\development\\_buildManifest.js.tmp.wtufar3bki'
}
[Error: ENOENT: no such file or directory, open 'C:\Users\josep\OneDrive\Desktop\repos\pantry-app\.next\static\development\_buildManifest.js.tmp.v5kmiw6jx8'] {
  errno: -4058,
  code: 'ENOENT',
  syscall: 'open',
  path: 'C:\\Users\\josep\\OneDrive\\Desktop\\repos\\pantry-app\\.next\\static\\development\\_buildManifest.js.tmp.v5kmiw6jx8'
}
 ⨯ [Error: ENOENT: no such file or directory, open 'C:\Users\josep\OneDrive\Desktop\repos\pantry-app\.next\server\app\page\app-build-manifest.json'] {
  errno: -4058,
  code: 'ENOENT',
  syscall: 'open',
  path: 'C:\\Users\\josep\\OneDrive\\Desktop\\repos\\pantry-app\\.next\\server\\app\\page\\app-build-manifest.json'
}
 ⨯ [Error: ENOENT: no such file or directory, open 'C:\Users\josep\OneDrive\Desktop\repos\pantry-app\.next\static\development\_buildManifest.js.tmp.swrqppvyr9f'] {
  errno: -4058,
  code: 'ENOENT',
  syscall: 'open',
  path: 'C:\\Users\\josep\\OneDrive\\Desktop\\repos\\pantry-app\\.next\\static\\development\\_buildManifest.js.tmp.swrqppvyr9f'
}
[Error: ENOENT: no such file or directory, open 'C:\Users\josep\OneDrive\Desktop\repos\pantry-app\.next\server\app\page\app-build-manifest.json'] {
  errno: -4058,
  code: 'ENOENT',
  syscall: 'open',
  path: 'C:\\Users\\josep\\OneDrive\\Desktop\\repos\\pantry-app\\.next\\server\\app\\page\\app-build-manifest.json'
}
 ⨯ [Error: ENOENT: no such file or directory, open 'C:\Users\josep\OneDrive\Desktop\repos\pantry-app\.next\static\development\_buildManifest.js.tmp.jvifijb711'] {
  errno: -4058,
  code: 'ENOENT',
  syscall: 'open',
  path: 'C:\\Users\\josep\\OneDrive\\Desktop\\repos\\pantry-app\\.next\\static\\development\\_buildManifest.js.tmp.jvifijb711'
}
[Error: ENOENT: no such file or directory, open 'C:\Users\josep\OneDrive\Desktop\repos\pantry-app\.next\static\development\_buildManifest.js.tmp.etctvhxrshr'] {
  errno: -4058,
  code: 'ENOENT',
  syscall: 'open',
  path: 'C:\\Users\\josep\\OneDrive\\Desktop\\repos\\pantry-app\\.next\\static\\development\\_buildManifest.js.tmp.etctvhxrshr'
}
 ⨯ [Error: ENOENT: no such file or directory, open 'C:\Users\josep\OneDrive\Desktop\repos\pantry-app\.next\server\app\page\app-build-manifest.json'] {
  errno: -4058,
  code: 'ENOENT',
  syscall: 'open',
  path: 'C:\\Users\\josep\\OneDrive\\Desktop\\repos\\pantry-app\\.next\\server\\app\\page\\app-build-manifest.json'
}
 ⨯ [Error: ENOENT: no such file or directory, open 'C:\Users\josep\OneDrive\Desktop\repos\pantry-app\.next\static\development\_buildManifest.js.tmp.m1lk9x354k'] {
  errno: -4058,
  code: 'ENOENT',
  syscall: 'open',
  path: 'C:\\Users\\josep\\OneDrive\\Desktop\\repos\\pantry-app\\.next\\static\\development\\_buildManifest.js.tmp.m1lk9x354k'
}
[Error: ENOENT: no such file or directory, open 'C:\Users\josep\OneDrive\Desktop\repos\pantry-app\.next\server\app\page\app-build-manifest.json'] {
  errno: -4058,
  code: 'ENOENT',
  syscall: 'open',
  path: 'C:\\Users\\josep\\OneDrive\\Desktop\\repos\\pantry-app\\.next\\server\\app\\page\\app-build-manifest.json'
}
 ⨯ [Error: ENOENT: no such file or directory, open 'C:\Users\josep\OneDrive\Desktop\repos\pantry-app\.next\static\development\_buildManifest.js.tmp.jydnykbcfh'] {
  errno: -4058,
  code: 'ENOENT',
  syscall: 'open',
  path: 'C:\\Users\\josep\\OneDrive\\Desktop\\repos\\pantry-app\\.next\\static\\development\\_buildManifest.js.tmp.jydnykbcfh'
}
[Error: ENOENT: no such file or directory, open 'C:\Users\josep\OneDrive\Desktop\repos\pantry-app\.next\static\development\_buildManifest.js.tmp.35ivutdc16x'] {
  errno: -4058,
  code: 'ENOENT',
  syscall: 'open',
  path: 'C:\\Users\\josep\\OneDrive\\Desktop\\repos\\pantry-app\\.next\\static\\development\\_buildManifest.js.tmp.35ivutdc16x'
}
 ⨯ [Error: ENOENT: no such file or directory, open 'C:\Users\josep\OneDrive\Desktop\repos\pantry-app\.next\server\app\page\app-build-manifest.json'] {
  errno: -4058,
  code: 'ENOENT',
  syscall: 'open',
  path: 'C:\\Users\\josep\\OneDrive\\Desktop\\repos\\pantry-app\\.next\\server\\app\\page\\app-build-manifest.json'
}
 ⨯ [Error: ENOENT: no such file or directory, open 'C:\Users\josep\OneDrive\Desktop\repos\pantry-app\.next\static\development\_buildManifest.js.tmp.haoc7g31o7t'] {
  errno: -4058,
  code: 'ENOENT',
  syscall: 'open',
  path: 'C:\\Users\\josep\\OneDrive\\Desktop\\repos\\pantry-app\\.next\\static\\development\\_buildManifest.js.tmp.haoc7g31o7t'
}
[Error: ENOENT: no such file or directory, open 'C:\Users\josep\OneDrive\Desktop\repos\pantry-app\.next\server\app\page\app-build-manifest.json'] {
  errno: -4058,
  code: 'ENOENT',
  syscall: 'open',
  path: 'C:\\Users\\josep\\OneDrive\\Desktop\\repos\\pantry-app\\.next\\server\\app\\page\\app-build-manifest.json'
}
 ⨯ [Error: ENOENT: no such file or directory, open 'C:\Users\josep\OneDrive\Desktop\repos\pantry-app\.next\static\development\_buildManifest.js.tmp.008a6fmzk4rao'] {
  errno: -4058,
  code: 'ENOENT',
  syscall: 'open',
  path: 'C:\\Users\\josep\\OneDrive\\Desktop\\repos\\pantry-app\\.next\\static\\development\\_buildManifest.js.tmp.008a6fmzk4rao'
}
[Error: ENOENT: no such file or directory, open 'C:\Users\josep\OneDrive\Desktop\repos\pantry-app\.next\static\development\_buildManifest.js.tmp.y1yzs3z51zg'] {
  errno: -4058,
  code: 'ENOENT',
  syscall: 'open',
  path: 'C:\\Users\\josep\\OneDrive\\Desktop\\repos\\pantry-app\\.next\\static\\development\\_buildManifest.js.tmp.y1yzs3z51zg'
}
 ⨯ [Error: ENOENT: no such file or directory, open 'C:\Users\josep\OneDrive\Desktop\repos\pantry-app\.next\server\app\page\app-build-manifest.json'] {
  errno: -4058,
  code: 'ENOENT',
  syscall: 'open',
  path: 'C:\\Users\\josep\\OneDrive\\Desktop\\repos\\pantry-app\\.next\\server\\app\\page\\app-build-manifest.json'
}
 ⨯ [Error: ENOENT: no such file or directory, open 'C:\Users\josep\OneDrive\Desktop\repos\pantry-app\.next\static\development\_buildManifest.js.tmp.xfsj7fa0478'] {
  errno: -4058,
  code: 'ENOENT',
  syscall: 'open',
  path: 'C:\\Users\\josep\\OneDrive\\Desktop\\repos\\pantry-app\\.next\\static\\development\\_buildManifest.js.tmp.xfsj7fa0478'
}
[Error: ENOENT: no such file or directory, open 'C:\Users\josep\OneDrive\Desktop\repos\pantry-app\.next\server\app\page\app-build-manifest.json'] {
  errno: -4058,
  code: 'ENOENT',
  syscall: 'open',
  path: 'C:\\Users\\josep\\OneDrive\\Desktop\\repos\\pantry-app\\.next\\server\\app\\page\\app-build-manifest.json'
}
 ⨯ [Error: ENOENT: no such file or directory, open 'C:\Users\josep\OneDrive\Desktop\repos\pantry-app\.next\static\development\_buildManifest.js.tmp.hndei4fhcse'] {
  errno: -4058,
  code: 'ENOENT',
  syscall: 'open',
  path: 'C:\\Users\\josep\\OneDrive\\Desktop\\repos\\pantry-app\\.next\\static\\development\\_buildManifest.js.tmp.hndei4fhcse'
}
[Error: ENOENT: no such file or directory, open 'C:\Users\josep\OneDrive\Desktop\repos\pantry-app\.next\static\development\_buildManifest.js.tmp.8degxlpsium'] {
  errno: -4058,
  code: 'ENOENT',
  syscall: 'open',
  path: 'C:\\Users\\josep\\OneDrive\\Desktop\\repos\\pantry-app\\.next\\static\\development\\_buildManifest.js.tmp.8degxlpsium'
}
 ⨯ [Error: ENOENT: no such file or directory, open 'C:\Users\josep\OneDrive\Desktop\repos\pantry-app\.next\server\app\page\app-build-manifest.json'] {
  errno: -4058,
  code: 'ENOENT',
  syscall: 'open',
  path: 'C:\\Users\\josep\\OneDrive\\Desktop\\repos\\pantry-app\\.next\\server\\app\\page\\app-build-manifest.json'
}
 ⨯ [Error: ENOENT: no such file or directory, open 'C:\Users\josep\OneDrive\Desktop\repos\pantry-app\.next\static\development\_buildManifest.js.tmp.y8krrd1qgbb'] {
  errno: -4058,
  code: 'ENOENT',
  syscall: 'open',
  path: 'C:\\Users\\josep\\OneDrive\\Desktop\\repos\\pantry-app\\.next\\static\\development\\_buildManifest.js.tmp.y8krrd1qgbb'
}
[Error: ENOENT: no such file or directory, open 'C:\Users\josep\OneDrive\Desktop\repos\pantry-app\.next\server\app\page\app-build-manifest.json'] {
  errno: -4058,
  code: 'ENOENT',
  syscall: 'open',
  path: 'C:\\Users\\josep\\OneDrive\\Desktop\\repos\\pantry-app\\.next\\server\\app\\page\\app-build-manifest.json'
}
 ⨯ [Error: ENOENT: no such file or directory, open 'C:\Users\josep\OneDrive\Desktop\repos\pantry-app\.next\static\development\_buildManifest.js.tmp.holr7dkkln6'] {
  errno: -4058,
  code: 'ENOENT',
  syscall: 'open',
  path: 'C:\\Users\\josep\\OneDrive\\Desktop\\repos\\pantry-app\\.next\\static\\development\\_buildManifest.js.tmp.holr7dkkln6'
}
[Error: ENOENT: no such file or directory, open 'C:\Users\josep\OneDrive\Desktop\repos\pantry-app\.next\static\development\_buildManifest.js.tmp.316pnwxy1o8'] {
  errno: -4058,
  code: 'ENOENT',
  syscall: 'open',
  path: 'C:\\Users\\josep\\OneDrive\\Desktop\\repos\\pantry-app\\.next\\static\\development\\_buildManifest.js.tmp.316pnwxy1o8'
}
 ⨯ [Error: ENOENT: no such file or directory, open 'C:\Users\josep\OneDrive\Desktop\repos\pantry-app\.next\server\app\page\app-build-manifest.json'] {
  errno: -4058,
  code: 'ENOENT',
  syscall: 'open',
  path: 'C:\\Users\\josep\\OneDrive\\Desktop\\repos\\pantry-app\\.next\\server\\app\\page\\app-build-manifest.json'
}
 ⨯ [Error: ENOENT: no such file or directory, open 'C:\Users\josep\OneDrive\Desktop\repos\pantry-app\.next\static\development\_buildManifest.js.tmp.u1xmuxl70pj'] {
  errno: -4058,
  code: 'ENOENT',
  syscall: 'open',
  path: 'C:\\Users\\josep\\OneDrive\\Desktop\\repos\\pantry-app\\.next\\static\\development\\_buildManifest.js.tmp.u1xmuxl70pj'
}
[Error: ENOENT: no such file or directory, open 'C:\Users\josep\OneDrive\Desktop\repos\pantry-app\.next\server\app\page\app-build-manifest.json'] {
  errno: -4058,
  code: 'ENOENT',
  syscall: 'open',
  path: 'C:\\Users\\josep\\OneDrive\\Desktop\\repos\\pantry-app\\.next\\server\\app\\page\\app-build-manifest.json'
}
 ⨯ [Error: ENOENT: no such file or directory, open 'C:\Users\josep\OneDrive\Desktop\repos\pantry-app\.next\static\development\_buildManifest.js.tmp.byae2hccqh'] {
  errno: -4058,
  code: 'ENOENT',
  syscall: 'open',
  path: 'C:\\Users\\josep\\OneDrive\\Desktop\\repos\\pantry-app\\.next\\static\\development\\_buildManifest.js.tmp.byae2hccqh'
}
[Error: ENOENT: no such file or directory, open 'C:\Users\josep\OneDrive\Desktop\repos\pantry-app\.next\static\development\_buildManifest.js.tmp.ec78bd35gl'] {
  errno: -4058,
  code: 'ENOENT',
  syscall: 'open',
  path: 'C:\\Users\\josep\\OneDrive\\Desktop\\repos\\pantry-app\\.next\\static\\development\\_buildManifest.js.tmp.ec78bd35gl'
}
 ⨯ [Error: ENOENT: no such file or directory, open 'C:\Users\josep\OneDrive\Desktop\repos\pantry-app\.next\server\app\page\app-build-manifest.json'] {
  errno: -4058,
  code: 'ENOENT',
  syscall: 'open',
  path: 'C:\\Users\\josep\\OneDrive\\Desktop\\repos\\pantry-app\\.next\\server\\app\\page\\app-build-manifest.json'
}
 ⨯ [Error: ENOENT: no such file or directory, open 'C:\Users\josep\OneDrive\Desktop\repos\pantry-app\.next\static\development\_buildManifest.js.tmp.mofuuzhbzll'] {
  errno: -4058,
  code: 'ENOENT',
  syscall: 'open',
  path: 'C:\\Users\\josep\\OneDrive\\Desktop\\repos\\pantry-app\\.next\\static\\development\\_buildManifest.js.tmp.mofuuzhbzll'
}
[Error: ENOENT: no such file or directory, open 'C:\Users\josep\OneDrive\Desktop\repos\pantry-app\.next\server\app\page\app-build-manifest.json'] {
  errno: -4058,
  code: 'ENOENT',
  syscall: 'open',
  path: 'C:\\Users\\josep\\OneDrive\\Desktop\\repos\\pantry-app\\.next\\server\\app\\page\\app-build-manifest.json'
}
 ⨯ [Error: ENOENT: no such file or directory, open 'C:\Users\josep\OneDrive\Desktop\repos\pantry-app\.next\static\development\_buildManifest.js.tmp.rswi5bvtvup'] {
  errno: -4058,
  code: 'ENOENT',
  syscall: 'open',
  path: 'C:\\Users\\josep\\OneDrive\\Desktop\\repos\\pantry-app\\.next\\static\\development\\_buildManifest.js.tmp.rswi5bvtvup'
}
[Error: ENOENT: no such file or directory, open 'C:\Users\josep\OneDrive\Desktop\repos\pantry-app\.next\static\development\_buildManifest.js.tmp.nuagrwgihwb'] {
  errno: -4058,
  code: 'ENOENT',
  syscall: 'open',
  path: 'C:\\Users\\josep\\OneDrive\\Desktop\\repos\\pantry-app\\.next\\static\\development\\_buildManifest.js.tmp.nuagrwgihwb'
}
 ⨯ [Error: ENOENT: no such file or directory, open 'C:\Users\josep\OneDrive\Desktop\repos\pantry-app\.next\server\app\page\app-build-manifest.json'] {
  errno: -4058,
  code: 'ENOENT',
  syscall: 'open',
  path: 'C:\\Users\\josep\\OneDrive\\Desktop\\repos\\pantry-app\\.next\\server\\app\\page\\app-build-manifest.json'
}
 ⨯ [Error: ENOENT: no such file or directory, open 'C:\Users\josep\OneDrive\Desktop\repos\pantry-app\.next\static\development\_buildManifest.js.tmp.dtv7a13mx8'] {
  errno: -4058,
  code: 'ENOENT',
  syscall: 'open',
  path: 'C:\\Users\\josep\\OneDrive\\Desktop\\repos\\pantry-app\\.next\\static\\development\\_buildManifest.js.tmp.dtv7a13mx8'
}
[Error: ENOENT: no such file or directory, open 'C:\Users\josep\OneDrive\Desktop\repos\pantry-app\.next\server\app\page\app-build-manifest.json'] {
  errno: -4058,
  code: 'ENOENT',
  syscall: 'open',
  path: 'C:\\Users\\josep\\OneDrive\\Desktop\\repos\\pantry-app\\.next\\server\\app\\page\\app-build-manifest.json'
}
 ⨯ [Error: ENOENT: no such file or directory, open 'C:\Users\josep\OneDrive\Desktop\repos\pantry-app\.next\static\development\_buildManifest.js.tmp.ar9l9631ikf'] {
  errno: -4058,
  code: 'ENOENT',
  syscall: 'open',
  path: 'C:\\Users\\josep\\OneDrive\\Desktop\\repos\\pantry-app\\.next\\static\\development\\_buildManifest.js.tmp.ar9l9631ikf'
}
[Error: ENOENT: no such file or directory, open 'C:\Users\josep\OneDrive\Desktop\repos\pantry-app\.next\static\development\_buildManifest.js.tmp.sebbreb4yf'] {
  errno: -4058,
  code: 'ENOENT',
  syscall: 'open',
  path: 'C:\\Users\\josep\\OneDrive\\Desktop\\repos\\pantry-app\\.next\\static\\development\\_buildManifest.js.tmp.sebbreb4yf'
}
 ⨯ [Error: ENOENT: no such file or directory, open 'C:\Users\josep\OneDrive\Desktop\repos\pantry-app\.next\server\app\page\app-build-manifest.json'] {
  errno: -4058,
  code: 'ENOENT',
  syscall: 'open',
  path: 'C:\\Users\\josep\\OneDrive\\Desktop\\repos\\pantry-app\\.next\\server\\app\\page\\app-build-manifest.json'
}
 ⨯ [Error: ENOENT: no such file or directory, open 'C:\Users\josep\OneDrive\Desktop\repos\pantry-app\.next\static\development\_buildManifest.js.tmp.coscsum7gt8'] {
  errno: -4058,
  code: 'ENOENT',
  syscall: 'open',
  path: 'C:\\Users\\josep\\OneDrive\\Desktop\\repos\\pantry-app\\.next\\static\\development\\_buildManifest.js.tmp.coscsum7gt8'
}
[Error: ENOENT: no such file or directory, open 'C:\Users\josep\OneDrive\Desktop\repos\pantry-app\.next\server\app\page\app-build-manifest.json'] {
  errno: -4058,
  code: 'ENOENT',
  syscall: 'open',
  path: 'C:\\Users\\josep\\OneDrive\\Desktop\\repos\\pantry-app\\.next\\server\\app\\page\\app-build-manifest.json'
}
 ⨯ [Error: ENOENT: no such file or directory, open 'C:\Users\josep\OneDrive\Desktop\repos\pantry-app\.next\static\development\_buildManifest.js.tmp.sz316adezp'] {
  errno: -4058,
  code: 'ENOENT',
  syscall: 'open',
  path: 'C:\\Users\\josep\\OneDrive\\Desktop\\repos\\pantry-app\\.next\\static\\development\\_buildManifest.js.tmp.sz316adezp'
}
[Error: ENOENT: no such file or directory, open 'C:\Users\josep\OneDrive\Desktop\repos\pantry-app\.next\static\development\_buildManifest.js.tmp.tdwaupq853'] {
  errno: -4058,
  code: 'ENOENT',
  syscall: 'open',
  path: 'C:\\Users\\josep\\OneDrive\\Desktop\\repos\\pantry-app\\.next\\static\\development\\_buildManifest.js.tmp.tdwaupq853'
}
 ⨯ [Error: ENOENT: no such file or directory, open 'C:\Users\josep\OneDrive\Desktop\repos\pantry-app\.next\server\app\page\app-build-manifest.json'] {
  errno: -4058,
  code: 'ENOENT',
  syscall: 'open',
  path: 'C:\\Users\\josep\\OneDrive\\Desktop\\repos\\pantry-app\\.next\\server\\app\\page\\app-build-manifest.json'
}
 ⨯ [Error: ENOENT: no such file or directory, open 'C:\Users\josep\OneDrive\Desktop\repos\pantry-app\.next\static\development\_buildManifest.js.tmp.3cu66rb8c5t'] {
  errno: -4058,
  code: 'ENOENT',
  syscall: 'open',
  path: 'C:\\Users\\josep\\OneDrive\\Desktop\\repos\\pantry-app\\.next\\static\\development\\_buildManifest.js.tmp.3cu66rb8c5t'
}
[Error: ENOENT: no such file or directory, open 'C:\Users\josep\OneDrive\Desktop\repos\pantry-app\.next\server\app\page\app-build-manifest.json'] {
  errno: -4058,
  code: 'ENOENT',
  syscall: 'open',
  path: 'C:\\Users\\josep\\OneDrive\\Desktop\\repos\\pantry-app\\.next\\server\\app\\page\\app-build-manifest.json'
}
 ⨯ [Error: ENOENT: no such file or directory, open 'C:\Users\josep\OneDrive\Desktop\repos\pantry-app\.next\static\development\_buildManifest.js.tmp.j3p44f933fh'] {
  errno: -4058,
  code: 'ENOENT',
  syscall: 'open',
  path: 'C:\\Users\\josep\\OneDrive\\Desktop\\repos\\pantry-app\\.next\\static\\development\\_buildManifest.js.tmp.j3p44f933fh'
}
[Error: ENOENT: no such file or directory, open 'C:\Users\josep\OneDrive\Desktop\repos\pantry-app\.next\static\development\_buildManifest.js.tmp.y07y1rlmq7'] {
  errno: -4058,
  code: 'ENOENT',
  syscall: 'open',
  path: 'C:\\Users\\josep\\OneDrive\\Desktop\\repos\\pantry-app\\.next\\static\\development\\_buildManifest.js.tmp.y07y1rlmq7'
}
 ⨯ [Error: ENOENT: no such file or directory, open 'C:\Users\josep\OneDrive\Desktop\repos\pantry-app\.next\server\app\page\app-build-manifest.json'] {
  errno: -4058,
  code: 'ENOENT',
  syscall: 'open',
  path: 'C:\\Users\\josep\\OneDrive\\Desktop\\repos\\pantry-app\\.next\\server\\app\\page\\app-build-manifest.json'
}
 ⨯ [Error: ENOENT: no such file or directory, open 'C:\Users\josep\OneDrive\Desktop\repos\pantry-app\.next\static\development\_buildManifest.js.tmp.hh7uo3d7oov'] {
  errno: -4058,
  code: 'ENOENT',
  syscall: 'open',
  path: 'C:\\Users\\josep\\OneDrive\\Desktop\\repos\\pantry-app\\.next\\static\\development\\_buildManifest.js.tmp.hh7uo3d7oov'
}
[Error: ENOENT: no such file or directory, open 'C:\Users\josep\OneDrive\Desktop\repos\pantry-app\.next\server\app\page\app-build-manifest.json'] {
  errno: -4058,
  code: 'ENOENT',
  syscall: 'open',
  path: 'C:\\Users\\josep\\OneDrive\\Desktop\\repos\\pantry-app\\.next\\server\\app\\page\\app-build-manifest.json'
}
 ⨯ [Error: ENOENT: no such file or directory, open 'C:\Users\josep\OneDrive\Desktop\repos\pantry-app\.next\static\development\_buildManifest.js.tmp.90tiwjnr8ea'] {
  errno: -4058,
  code: 'ENOENT',
  syscall: 'open',
  path: 'C:\\Users\\josep\\OneDrive\\Desktop\\repos\\pantry-app\\.next\\static\\development\\_buildManifest.js.tmp.90tiwjnr8ea'
}
[Error: ENOENT: no such file or directory, open 'C:\Users\josep\OneDrive\Desktop\repos\pantry-app\.next\static\development\_buildManifest.js.tmp.bom8ysybh0k'] {
  errno: -4058,
  code: 'ENOENT',
  syscall: 'open',
  path: 'C:\\Users\\josep\\OneDrive\\Desktop\\repos\\pantry-app\\.next\\static\\development\\_buildManifest.js.tmp.bom8ysybh0k'
}
 ⨯ [Error: ENOENT: no such file or directory, open 'C:\Users\josep\OneDrive\Desktop\repos\pantry-app\.next\server\app\page\app-build-manifest.json'] {
  errno: -4058,
  code: 'ENOENT',
  syscall: 'open',
  path: 'C:\\Users\\josep\\OneDrive\\Desktop\\repos\\pantry-app\\.next\\server\\app\\page\\app-build-manifest.json'
}
 ⨯ [Error: ENOENT: no such file or directory, open 'C:\Users\josep\OneDrive\Desktop\repos\pantry-app\.next\static\development\_buildManifest.js.tmp.nhz0qrx7v9e'] {
  errno: -4058,
  code: 'ENOENT',
  syscall: 'open',
  path: 'C:\\Users\\josep\\OneDrive\\Desktop\\repos\\pantry-app\\.next\\static\\development\\_buildManifest.js.tmp.nhz0qrx7v9e'
}
[Error: ENOENT: no such file or directory, open 'C:\Users\josep\OneDrive\Desktop\repos\pantry-app\.next\server\app\page\app-build-manifest.json'] {
  errno: -4058,
  code: 'ENOENT',
  syscall: 'open',
  path: 'C:\\Users\\josep\\OneDrive\\Desktop\\repos\\pantry-app\\.next\\server\\app\\page\\app-build-manifest.json'
}
 ⨯ [Error: ENOENT: no such file or directory, open 'C:\Users\josep\OneDrive\Desktop\repos\pantry-app\.next\static\development\_buildManifest.js.tmp.52sa8g40ec8'] {
  errno: -4058,
  code: 'ENOENT',
  syscall: 'open',
  path: 'C:\\Users\\josep\\OneDrive\\Desktop\\repos\\pantry-app\\.next\\static\\development\\_buildManifest.js.tmp.52sa8g40ec8'
}
[Error: ENOENT: no such file or directory, open 'C:\Users\josep\OneDrive\Desktop\repos\pantry-app\.next\static\development\_buildManifest.js.tmp.ff46bsfie4g'] {
  errno: -4058,
  code: 'ENOENT',
  syscall: 'open',
  path: 'C:\\Users\\josep\\OneDrive\\Desktop\\repos\\pantry-app\\.next\\static\\development\\_buildManifest.js.tmp.ff46bsfie4g'
}
 ⨯ [Error: ENOENT: no such file or directory, open 'C:\Users\josep\OneDrive\Desktop\repos\pantry-app\.next\server\app\page\app-build-manifest.json'] {
  errno: -4058,
  code: 'ENOENT',
  syscall: 'open',
  path: 'C:\\Users\\josep\\OneDrive\\Desktop\\repos\\pantry-app\\.next\\server\\app\\page\\app-build-manifest.json'
}
 ⨯ [Error: ENOENT: no such file or directory, open 'C:\Users\josep\OneDrive\Desktop\repos\pantry-app\.next\static\development\_buildManifest.js.tmp.02lfoolx4sc'] {
  errno: -4058,
  code: 'ENOENT',
  syscall: 'open',
  path: 'C:\\Users\\josep\\OneDrive\\Desktop\\repos\\pantry-app\\.next\\static\\development\\_buildManifest.js.tmp.02lfoolx4sc'
}
[Error: ENOENT: no such file or directory, open 'C:\Users\josep\OneDrive\Desktop\repos\pantry-app\.next\server\app\page\app-build-manifest.json'] {
  errno: -4058,
  code: 'ENOENT',
  syscall: 'open',
  path: 'C:\\Users\\josep\\OneDrive\\Desktop\\repos\\pantry-app\\.next\\server\\app\\page\\app-build-manifest.json'
}
 ⨯ [Error: ENOENT: no such file or directory, open 'C:\Users\josep\OneDrive\Desktop\repos\pantry-app\.next\static\development\_buildManifest.js.tmp.vbmzzcdszia'] {
  errno: -4058,
  code: 'ENOENT',
  syscall: 'open',
  path: 'C:\\Users\\josep\\OneDrive\\Desktop\\repos\\pantry-app\\.next\\static\\development\\_buildManifest.js.tmp.vbmzzcdszia'
}
[Error: ENOENT: no such file or directory, open 'C:\Users\josep\OneDrive\Desktop\repos\pantry-app\.next\static\development\_buildManifest.js.tmp.9zuc21ygp7'] {
  errno: -4058,
  code: 'ENOENT',
  syscall: 'open',
  path: 'C:\\Users\\josep\\OneDrive\\Desktop\\repos\\pantry-app\\.next\\static\\development\\_buildManifest.js.tmp.9zuc21ygp7'
}
 ⨯ [Error: ENOENT: no such file or directory, open 'C:\Users\josep\OneDrive\Desktop\repos\pantry-app\.next\server\app\page\app-build-manifest.json'] {
  errno: -4058,
  code: 'ENOENT',
  syscall: 'open',
  path: 'C:\\Users\\josep\\OneDrive\\Desktop\\repos\\pantry-app\\.next\\server\\app\\page\\app-build-manifest.json'
}
 ⨯ [Error: ENOENT: no such file or directory, open 'C:\Users\josep\OneDrive\Desktop\repos\pantry-app\.next\static\development\_buildManifest.js.tmp.ebnq6icaco9'] {
  errno: -4058,
  code: 'ENOENT',
  syscall: 'open',
  path: 'C:\\Users\\josep\\OneDrive\\Desktop\\repos\\pantry-app\\.next\\static\\development\\_buildManifest.js.tmp.ebnq6icaco9'
}
[Error: ENOENT: no such file or directory, open 'C:\Users\josep\OneDrive\Desktop\repos\pantry-app\.next\server\app\page\app-build-manifest.json'] {
  errno: -4058,
  code: 'ENOENT',
  syscall: 'open',
  path: 'C:\\Users\\josep\\OneDrive\\Desktop\\repos\\pantry-app\\.next\\server\\app\\page\\app-build-manifest.json'
}
 ⨯ [Error: ENOENT: no such file or directory, open 'C:\Users\josep\OneDrive\Desktop\repos\pantry-app\.next\static\development\_buildManifest.js.tmp.4f2ysmnrjlc'] {
  errno: -4058,
  code: 'ENOENT',
  syscall: 'open',
  path: 'C:\\Users\\josep\\OneDrive\\Desktop\\repos\\pantry-app\\.next\\static\\development\\_buildManifest.js.tmp.4f2ysmnrjlc'
}
[Error: ENOENT: no such file or directory, open 'C:\Users\josep\OneDrive\Desktop\repos\pantry-app\.next\static\development\_buildManifest.js.tmp.dyuiqp3k35c'] {
  errno: -4058,
  code: 'ENOENT',
  syscall: 'open',
  path: 'C:\\Users\\josep\\OneDrive\\Desktop\\repos\\pantry-app\\.next\\static\\development\\_buildManifest.js.tmp.dyuiqp3k35c'
}
 ⨯ [Error: ENOENT: no such file or directory, open 'C:\Users\josep\OneDrive\Desktop\repos\pantry-app\.next\server\app\page\app-build-manifest.json'] {
  errno: -4058,
  code: 'ENOENT',
  syscall: 'open',
  path: 'C:\\Users\\josep\\OneDrive\\Desktop\\repos\\pantry-app\\.next\\server\\app\\page\\app-build-manifest.json'
}
 ⨯ [Error: ENOENT: no such file or directory, open 'C:\Users\josep\OneDrive\Desktop\repos\pantry-app\.next\static\development\_buildManifest.js.tmp.vk6wdhe9rcb'] {
  errno: -4058,
  code: 'ENOENT',
  syscall: 'open',
  path: 'C:\\Users\\josep\\OneDrive\\Desktop\\repos\\pantry-app\\.next\\static\\development\\_buildManifest.js.tmp.vk6wdhe9rcb'
}
[Error: ENOENT: no such file or directory, open 'C:\Users\josep\OneDrive\Desktop\repos\pantry-app\.next\server\app\page\app-build-manifest.json'] {
  errno: -4058,
  code: 'ENOENT',
  syscall: 'open',
  path: 'C:\\Users\\josep\\OneDrive\\Desktop\\repos\\pantry-app\\.next\\server\\app\\page\\app-build-manifest.json'
}
 ⨯ [Error: ENOENT: no such file or directory, open 'C:\Users\josep\OneDrive\Desktop\repos\pantry-app\.next\static\development\_buildManifest.js.tmp.syoivsi5428'] {
  errno: -4058,
  code: 'ENOENT',
  syscall: 'open',
  path: 'C:\\Users\\josep\\OneDrive\\Desktop\\repos\\pantry-app\\.next\\static\\development\\_buildManifest.js.tmp.syoivsi5428'
}
[Error: ENOENT: no such file or directory, open 'C:\Users\josep\OneDrive\Desktop\repos\pantry-app\.next\static\development\_buildManifest.js.tmp.vc81xxg77ko'] {
  errno: -4058,
  code: 'ENOENT',
  syscall: 'open',
  path: 'C:\\Users\\josep\\OneDrive\\Desktop\\repos\\pantry-app\\.next\\static\\development\\_buildManifest.js.tmp.vc81xxg77ko'
}
 ⨯ [Error: ENOENT: no such file or directory, open 'C:\Users\josep\OneDrive\Desktop\repos\pantry-app\.next\server\app\page\app-build-manifest.json'] {
  errno: -4058,
  code: 'ENOENT',
  syscall: 'open',
  path: 'C:\\Users\\josep\\OneDrive\\Desktop\\repos\\pantry-app\\.next\\server\\app\\page\\app-build-manifest.json'
}
 ⨯ [Error: ENOENT: no such file or directory, open 'C:\Users\josep\OneDrive\Desktop\repos\pantry-app\.next\static\development\_buildManifest.js.tmp.vh5wgy59ppk'] {
  errno: -4058,
  code: 'ENOENT',
  syscall: 'open',
  path: 'C:\\Users\\josep\\OneDrive\\Desktop\\repos\\pantry-app\\.next\\static\\development\\_buildManifest.js.tmp.vh5wgy59ppk'
}
[Error: ENOENT: no such file or directory, open 'C:\Users\josep\OneDrive\Desktop\repos\pantry-app\.next\server\app\page\app-build-manifest.json'] {
  errno: -4058,
  code: 'ENOENT',
  syscall: 'open',
  path: 'C:\\Users\\josep\\OneDrive\\Desktop\\repos\\pantry-app\\.next\\server\\app\\page\\app-build-manifest.json'
}
 ⨯ [Error: ENOENT: no such file or directory, open 'C:\Users\josep\OneDrive\Desktop\repos\pantry-app\.next\static\development\_buildManifest.js.tmp.2g9ctgvogec'] {
  errno: -4058,
  code: 'ENOENT',
  syscall: 'open',
  path: 'C:\\Users\\josep\\OneDrive\\Desktop\\repos\\pantry-app\\.next\\static\\development\\_buildManifest.js.tmp.2g9ctgvogec'
}
[Error: ENOENT: no such file or directory, open 'C:\Users\josep\OneDrive\Desktop\repos\pantry-app\.next\static\development\_buildManifest.js.tmp.is7wd81093m'] {
  errno: -4058,
  code: 'ENOENT',
  syscall: 'open',
  path: 'C:\\Users\\josep\\OneDrive\\Desktop\\repos\\pantry-app\\.next\\static\\development\\_buildManifest.js.tmp.is7wd81093m'
}
 ⨯ [Error: ENOENT: no such file or directory, open 'C:\Users\josep\OneDrive\Desktop\repos\pantry-app\.next\server\app\page\app-build-manifest.json'] {
  errno: -4058,
  code: 'ENOENT',
  syscall: 'open',
  path: 'C:\\Users\\josep\\OneDrive\\Desktop\\repos\\pantry-app\\.next\\server\\app\\page\\app-build-manifest.json'
}
 ⨯ [Error: ENOENT: no such file or directory, open 'C:\Users\josep\OneDrive\Desktop\repos\pantry-app\.next\static\development\_buildManifest.js.tmp.h8golk418i'] {
  errno: -4058,
  code: 'ENOENT',
  syscall: 'open',
  path: 'C:\\Users\\josep\\OneDrive\\Desktop\\repos\\pantry-app\\.next\\static\\development\\_buildManifest.js.tmp.h8golk418i'
}
[Error: ENOENT: no such file or directory, open 'C:\Users\josep\OneDrive\Desktop\repos\pantry-app\.next\server\app\page\app-build-manifest.json'] {
  errno: -4058,
  code: 'ENOENT',
  syscall: 'open',
  path: 'C:\\Users\\josep\\OneDrive\\Desktop\\repos\\pantry-app\\.next\\server\\app\\page\\app-build-manifest.json'
}
 ⨯ [Error: ENOENT: no such file or directory, open 'C:\Users\josep\OneDrive\Desktop\repos\pantry-app\.next\static\development\_buildManifest.js.tmp.0qdv4wusngqn'] {
  errno: -4058,
  code: 'ENOENT',
  syscall: 'open',
  path: 'C:\\Users\\josep\\OneDrive\\Desktop\\repos\\pantry-app\\.next\\static\\development\\_buildManifest.js.tmp.0qdv4wusngqn'
}
[Error: ENOENT: no such file or directory, open 'C:\Users\josep\OneDrive\Desktop\repos\pantry-app\.next\static\development\_buildManifest.js.tmp.q1dil8ye26'] {
  errno: -4058,
  code: 'ENOENT',
  syscall: 'open',
  path: 'C:\\Users\\josep\\OneDrive\\Desktop\\repos\\pantry-app\\.next\\static\\development\\_buildManifest.js.tmp.q1dil8ye26'
}
 ⨯ [Error: ENOENT: no such file or directory, open 'C:\Users\josep\OneDrive\Desktop\repos\pantry-app\.next\server\app\page\app-build-manifest.json'] {
  errno: -4058,
  code: 'ENOENT',
  syscall: 'open',
  path: 'C:\\Users\\josep\\OneDrive\\Desktop\\repos\\pantry-app\\.next\\server\\app\\page\\app-build-manifest.json'
}
 ⨯ [Error: ENOENT: no such file or directory, open 'C:\Users\josep\OneDrive\Desktop\repos\pantry-app\.next\static\development\_buildManifest.js.tmp.7xvjntvw2tp'] {
  errno: -4058,
  code: 'ENOENT',
  syscall: 'open',
  path: 'C:\\Users\\josep\\OneDrive\\Desktop\\repos\\pantry-app\\.next\\static\\development\\_buildManifest.js.tmp.7xvjntvw2tp'
}
[Error: ENOENT: no such file or directory, open 'C:\Users\josep\OneDrive\Desktop\repos\pantry-app\.next\server\app\page\app-build-manifest.json'] {
  errno: -4058,
  code: 'ENOENT',
  syscall: 'open',
  path: 'C:\\Users\\josep\\OneDrive\\Desktop\\repos\\pantry-app\\.next\\server\\app\\page\\app-build-manifest.json'
}
 ⨯ [Error: ENOENT: no such file or directory, open 'C:\Users\josep\OneDrive\Desktop\repos\pantry-app\.next\static\development\_buildManifest.js.tmp.5j1940gq0qi'] {
  errno: -4058,
  code: 'ENOENT',
  syscall: 'open',
  path: 'C:\\Users\\josep\\OneDrive\\Desktop\\repos\\pantry-app\\.next\\static\\development\\_buildManifest.js.tmp.5j1940gq0qi'
}
[Error: ENOENT: no such file or directory, open 'C:\Users\josep\OneDrive\Desktop\repos\pantry-app\.next\static\development\_buildManifest.js.tmp.ypyigf5gsfd'] {
  errno: -4058,
  code: 'ENOENT',
  syscall: 'open',
  path: 'C:\\Users\\josep\\OneDrive\\Desktop\\repos\\pantry-app\\.next\\static\\development\\_buildManifest.js.tmp.ypyigf5gsfd'
}
 ⨯ [Error: ENOENT: no such file or directory, open 'C:\Users\josep\OneDrive\Desktop\repos\pantry-app\.next\server\app\page\app-build-manifest.json'] {
  errno: -4058,
  code: 'ENOENT',
  syscall: 'open',
  path: 'C:\\Users\\josep\\OneDrive\\Desktop\\repos\\pantry-app\\.next\\server\\app\\page\\app-build-manifest.json'
}
 ⨯ [Error: ENOENT: no such file or directory, open 'C:\Users\josep\OneDrive\Desktop\repos\pantry-app\.next\static\development\_buildManifest.js.tmp.01lf2q79401q'] {
  errno: -4058,
  code: 'ENOENT',
  syscall: 'open',
  path: 'C:\\Users\\josep\\OneDrive\\Desktop\\repos\\pantry-app\\.next\\static\\development\\_buildManifest.js.tmp.01lf2q79401q'
}
[Error: ENOENT: no such file or directory, open 'C:\Users\josep\OneDrive\Desktop\repos\pantry-app\.next\server\app\page\app-build-manifest.json'] {
  errno: -4058,
  code: 'ENOENT',
  syscall: 'open',
  path: 'C:\\Users\\josep\\OneDrive\\Desktop\\repos\\pantry-app\\.next\\server\\app\\page\\app-build-manifest.json'
}
 ⨯ [Error: ENOENT: no such file or directory, open 'C:\Users\josep\OneDrive\Desktop\repos\pantry-app\.next\static\development\_buildManifest.js.tmp.lstv8d9tu4'] {
  errno: -4058,
  code: 'ENOENT',
  syscall: 'open',
  path: 'C:\\Users\\josep\\OneDrive\\Desktop\\repos\\pantry-app\\.next\\static\\development\\_buildManifest.js.tmp.lstv8d9tu4'
}
[Error: ENOENT: no such file or directory, open 'C:\Users\josep\OneDrive\Desktop\repos\pantry-app\.next\static\development\_buildManifest.js.tmp.7zn8ipj2yll'] {
  errno: -4058,
  code: 'ENOENT',
  syscall: 'open',
  path: 'C:\\Users\\josep\\OneDrive\\Desktop\\repos\\pantry-app\\.next\\static\\development\\_buildManifest.js.tmp.7zn8ipj2yll'
}
 ⨯ [Error: ENOENT: no such file or directory, open 'C:\Users\josep\OneDrive\Desktop\repos\pantry-app\.next\server\app\page\app-build-manifest.json'] {
  errno: -4058,
  code: 'ENOENT',
  syscall: 'open',
  path: 'C:\\Users\\josep\\OneDrive\\Desktop\\repos\\pantry-app\\.next\\server\\app\\page\\app-build-manifest.json'
}
 ⨯ [Error: ENOENT: no such file or directory, open 'C:\Users\josep\OneDrive\Desktop\repos\pantry-app\.next\static\development\_buildManifest.js.tmp.laef6jij22l'] {
  errno: -4058,
  code: 'ENOENT',
  syscall: 'open',
  path: 'C:\\Users\\josep\\OneDrive\\Desktop\\repos\\pantry-app\\.next\\static\\development\\_buildManifest.js.tmp.laef6jij22l'
}
[Error: ENOENT: no such file or directory, open 'C:\Users\josep\OneDrive\Desktop\repos\pantry-app\.next\server\app\page\app-build-manifest.json'] {
  errno: -4058,
  code: 'ENOENT',
  syscall: 'open',
  path: 'C:\\Users\\josep\\OneDrive\\Desktop\\repos\\pantry-app\\.next\\server\\app\\page\\app-build-manifest.json'
}
 ⨯ [Error: ENOENT: no such file or directory, open 'C:\Users\josep\OneDrive\Desktop\repos\pantry-app\.next\static\development\_buildManifest.js.tmp.clj7p7sw6hu'] {
  errno: -4058,
  code: 'ENOENT',
  syscall: 'open',
  path: 'C:\\Users\\josep\\OneDrive\\Desktop\\repos\\pantry-app\\.next\\static\\development\\_buildManifest.js.tmp.clj7p7sw6hu'
}
[Error: ENOENT: no such file or directory, open 'C:\Users\josep\OneDrive\Desktop\repos\pantry-app\.next\static\development\_buildManifest.js.tmp.c5ozshyugfr'] {
  errno: -4058,
  code: 'ENOENT',
  syscall: 'open',
  path: 'C:\\Users\\josep\\OneDrive\\Desktop\\repos\\pantry-app\\.next\\static\\development\\_buildManifest.js.tmp.c5ozshyugfr'
}
 ⨯ [Error: ENOENT: no such file or directory, open 'C:\Users\josep\OneDrive\Desktop\repos\pantry-app\.next\server\app\page\app-build-manifest.json'] {
  errno: -4058,
  code: 'ENOENT',
  syscall: 'open',
  path: 'C:\\Users\\josep\\OneDrive\\Desktop\\repos\\pantry-app\\.next\\server\\app\\page\\app-build-manifest.json'
}
 ⨯ [Error: ENOENT: no such file or directory, open 'C:\Users\josep\OneDrive\Desktop\repos\pantry-app\.next\static\development\_buildManifest.js.tmp.r9y8842ngcj'] {
  errno: -4058,
  code: 'ENOENT',
  syscall: 'open',
  path: 'C:\\Users\\josep\\OneDrive\\Desktop\\repos\\pantry-app\\.next\\static\\development\\_buildManifest.js.tmp.r9y8842ngcj'
}
[Error: ENOENT: no such file or directory, open 'C:\Users\josep\OneDrive\Desktop\repos\pantry-app\.next\server\app\page\app-build-manifest.json'] {
  errno: -4058,
  code: 'ENOENT',
  syscall: 'open',
  path: 'C:\\Users\\josep\\OneDrive\\Desktop\\repos\\pantry-app\\.next\\server\\app\\page\\app-build-manifest.json'
}
 ⨯ [Error: ENOENT: no such file or directory, open 'C:\Users\josep\OneDrive\Desktop\repos\pantry-app\.next\static\development\_buildManifest.js.tmp.nqsfl8mccjr'] {
  errno: -4058,
  code: 'ENOENT',
  syscall: 'open',
  path: 'C:\\Users\\josep\\OneDrive\\Desktop\\repos\\pantry-app\\.next\\static\\development\\_buildManifest.js.tmp.nqsfl8mccjr'
}
[Error: ENOENT: no such file or directory, open 'C:\Users\josep\OneDrive\Desktop\repos\pantry-app\.next\static\development\_buildManifest.js.tmp.80ijcs8ryog'] {
  errno: -4058,
  code: 'ENOENT',
  syscall: 'open',
  path: 'C:\\Users\\josep\\OneDrive\\Desktop\\repos\\pantry-app\\.next\\static\\development\\_buildManifest.js.tmp.80ijcs8ryog'
}
 ⨯ [Error: ENOENT: no such file or directory, open 'C:\Users\josep\OneDrive\Desktop\repos\pantry-app\.next\server\app\page\app-build-manifest.json'] {
  errno: -4058,
  code: 'ENOENT',
  syscall: 'open',
  path: 'C:\\Users\\josep\\OneDrive\\Desktop\\repos\\pantry-app\\.next\\server\\app\\page\\app-build-manifest.json'
}
 ⨯ [Error: ENOENT: no such file or directory, open 'C:\Users\josep\OneDrive\Desktop\repos\pantry-app\.next\static\development\_buildManifest.js.tmp.gmlssj5akyl'] {
  errno: -4058,
  code: 'ENOENT',
  syscall: 'open',
  path: 'C:\\Users\\josep\\OneDrive\\Desktop\\repos\\pantry-app\\.next\\static\\development\\_buildManifest.js.tmp.gmlssj5akyl'
}
[Error: ENOENT: no such file or directory, open 'C:\Users\josep\OneDrive\Desktop\repos\pantry-app\.next\server\app\page\app-build-manifest.json'] {
  errno: -4058,
  code: 'ENOENT',
  syscall: 'open',
  path: 'C:\\Users\\josep\\OneDrive\\Desktop\\repos\\pantry-app\\.next\\server\\app\\page\\app-build-manifest.json'
}
 ⨯ [Error: ENOENT: no such file or directory, open 'C:\Users\josep\OneDrive\Desktop\repos\pantry-app\.next\static\development\_buildManifest.js.tmp.thbemtxpajf'] {
  errno: -4058,
  code: 'ENOENT',
  syscall: 'open',
  path: 'C:\\Users\\josep\\OneDrive\\Desktop\\repos\\pantry-app\\.next\\static\\development\\_buildManifest.js.tmp.thbemtxpajf'
}
[Error: ENOENT: no such file or directory, open 'C:\Users\josep\OneDrive\Desktop\repos\pantry-app\.next\static\development\_buildManifest.js.tmp.yiig9uoo7o'] {
  errno: -4058,
  code: 'ENOENT',
  syscall: 'open',
  path: 'C:\\Users\\josep\\OneDrive\\Desktop\\repos\\pantry-app\\.next\\static\\development\\_buildManifest.js.tmp.yiig9uoo7o'
}
 ⨯ [Error: ENOENT: no such file or directory, open 'C:\Users\josep\OneDrive\Desktop\repos\pantry-app\.next\server\app\page\app-build-manifest.json'] {
  errno: -4058,
  code: 'ENOENT',
  syscall: 'open',
  path: 'C:\\Users\\josep\\OneDrive\\Desktop\\repos\\pantry-app\\.next\\server\\app\\page\\app-build-manifest.json'
}
 ⨯ [Error: ENOENT: no such file or directory, open 'C:\Users\josep\OneDrive\Desktop\repos\pantry-app\.next\static\development\_buildManifest.js.tmp.0vqu6vphi0nb'] {
  errno: -4058,
  code: 'ENOENT',
  syscall: 'open',
  path: 'C:\\Users\\josep\\OneDrive\\Desktop\\repos\\pantry-app\\.next\\static\\development\\_buildManifest.js.tmp.0vqu6vphi0nb'
}
[Error: ENOENT: no such file or directory, open 'C:\Users\josep\OneDrive\Desktop\repos\pantry-app\.next\server\app\page\app-build-manifest.json'] {
  errno: -4058,
  code: 'ENOENT',
  syscall: 'open',
  path: 'C:\\Users\\josep\\OneDrive\\Desktop\\repos\\pantry-app\\.next\\server\\app\\page\\app-build-manifest.json'
}
 ⨯ [Error: ENOENT: no such file or directory, open 'C:\Users\josep\OneDrive\Desktop\repos\pantry-app\.next\static\development\_buildManifest.js.tmp.gpivgljslu'] {
  errno: -4058,
  code: 'ENOENT',
  syscall: 'open',
  path: 'C:\\Users\\josep\\OneDrive\\Desktop\\repos\\pantry-app\\.next\\static\\development\\_buildManifest.js.tmp.gpivgljslu'
}
[Error: ENOENT: no such file or directory, open 'C:\Users\josep\OneDrive\Desktop\repos\pantry-app\.next\static\development\_buildManifest.js.tmp.6du5j8tjqug'] {
  errno: -4058,
  code: 'ENOENT',
  syscall: 'open',
  path: 'C:\\Users\\josep\\OneDrive\\Desktop\\repos\\pantry-app\\.next\\static\\development\\_buildManifest.js.tmp.6du5j8tjqug'
}
 ⨯ [Error: ENOENT: no such file or directory, open 'C:\Users\josep\OneDrive\Desktop\repos\pantry-app\.next\server\app\page\app-build-manifest.json'] {
  errno: -4058,
  code: 'ENOENT',
  syscall: 'open',
  path: 'C:\\Users\\josep\\OneDrive\\Desktop\\repos\\pantry-app\\.next\\server\\app\\page\\app-build-manifest.json'
}
 ⨯ [Error: ENOENT: no such file or directory, open 'C:\Users\josep\OneDrive\Desktop\repos\pantry-app\.next\static\development\_buildManifest.js.tmp.p19mbuv4qln'] {
  errno: -4058,
  code: 'ENOENT',
  syscall: 'open',
  path: 'C:\\Users\\josep\\OneDrive\\Desktop\\repos\\pantry-app\\.next\\static\\development\\_buildManifest.js.tmp.p19mbuv4qln'
}
[Error: ENOENT: no such file or directory, open 'C:\Users\josep\OneDrive\Desktop\repos\pantry-app\.next\server\app\page\app-build-manifest.json'] {
  errno: -4058,
  code: 'ENOENT',
  syscall: 'open',
  path: 'C:\\Users\\josep\\OneDrive\\Desktop\\repos\\pantry-app\\.next\\server\\app\\page\\app-build-manifest.json'
}
 ⨯ [Error: ENOENT: no such file or directory, open 'C:\Users\josep\OneDrive\Desktop\repos\pantry-app\.next\static\development\_buildManifest.js.tmp.sq7ylqzcw5'] {
  errno: -4058,
  code: 'ENOENT',
  syscall: 'open',
  path: 'C:\\Users\\josep\\OneDrive\\Desktop\\repos\\pantry-app\\.next\\static\\development\\_buildManifest.js.tmp.sq7ylqzcw5'
}
[Error: ENOENT: no such file or directory, open 'C:\Users\josep\OneDrive\Desktop\repos\pantry-app\.next\static\development\_buildManifest.js.tmp.ge2ppm0p11c'] {
  errno: -4058,
  code: 'ENOENT',
  syscall: 'open',
  path: 'C:\\Users\\josep\\OneDrive\\Desktop\\repos\\pantry-app\\.next\\static\\development\\_buildManifest.js.tmp.ge2ppm0p11c'
}
 ⨯ [Error: ENOENT: no such file or directory, open 'C:\Users\josep\OneDrive\Desktop\repos\pantry-app\.next\server\app\page\app-build-manifest.json'] {
  errno: -4058,
  code: 'ENOENT',
  syscall: 'open',
  path: 'C:\\Users\\josep\\OneDrive\\Desktop\\repos\\pantry-app\\.next\\server\\app\\page\\app-build-manifest.json'
}
 ⨯ [Error: ENOENT: no such file or directory, open 'C:\Users\josep\OneDrive\Desktop\repos\pantry-app\.next\static\development\_buildManifest.js.tmp.z43jl986zei'] {
  errno: -4058,
  code: 'ENOENT',
  syscall: 'open',
  path: 'C:\\Users\\josep\\OneDrive\\Desktop\\repos\\pantry-app\\.next\\static\\development\\_buildManifest.js.tmp.z43jl986zei'
}
[Error: ENOENT: no such file or directory, open 'C:\Users\josep\OneDrive\Desktop\repos\pantry-app\.next\server\app\page\app-build-manifest.json'] {
  errno: -4058,
  code: 'ENOENT',
  syscall: 'open',
  path: 'C:\\Users\\josep\\OneDrive\\Desktop\\repos\\pantry-app\\.next\\server\\app\\page\\app-build-manifest.json'
}
 ⨯ [Error: ENOENT: no such file or directory, open 'C:\Users\josep\OneDrive\Desktop\repos\pantry-app\.next\static\development\_buildManifest.js.tmp.fypr9wd5ba7'] {
  errno: -4058,
  code: 'ENOENT',
  syscall: 'open',
  path: 'C:\\Users\\josep\\OneDrive\\Desktop\\repos\\pantry-app\\.next\\static\\development\\_buildManifest.js.tmp.fypr9wd5ba7'
}
[Error: ENOENT: no such file or directory, open 'C:\Users\josep\OneDrive\Desktop\repos\pantry-app\.next\static\development\_buildManifest.js.tmp.ghjyyk405nn'] {
  errno: -4058,
  code: 'ENOENT',
  syscall: 'open',
  path: 'C:\\Users\\josep\\OneDrive\\Desktop\\repos\\pantry-app\\.next\\static\\development\\_buildManifest.js.tmp.ghjyyk405nn'
}
 ⨯ [Error: ENOENT: no such file or directory, open 'C:\Users\josep\OneDrive\Desktop\repos\pantry-app\.next\server\app\page\app-build-manifest.json'] {
  errno: -4058,
  code: 'ENOENT',
  syscall: 'open',
  path: 'C:\\Users\\josep\\OneDrive\\Desktop\\repos\\pantry-app\\.next\\server\\app\\page\\app-build-manifest.json'
}
 ⨯ [Error: ENOENT: no such file or directory, open 'C:\Users\josep\OneDrive\Desktop\repos\pantry-app\.next\static\development\_buildManifest.js.tmp.zmmok7q5'] {
  errno: -4058,
  code: 'ENOENT',
  syscall: 'open',
  path: 'C:\\Users\\josep\\OneDrive\\Desktop\\repos\\pantry-app\\.next\\static\\development\\_buildManifest.js.tmp.zmmok7q5'
}
[Error: ENOENT: no such file or directory, open 'C:\Users\josep\OneDrive\Desktop\repos\pantry-app\.next\server\app\page\app-build-manifest.json'] {
  errno: -4058,
  code: 'ENOENT',
  syscall: 'open',
  path: 'C:\\Users\\josep\\OneDrive\\Desktop\\repos\\pantry-app\\.next\\server\\app\\page\\app-build-manifest.json'
}
 ⨯ [Error: ENOENT: no such file or directory, open 'C:\Users\josep\OneDrive\Desktop\repos\pantry-app\.next\static\development\_buildManifest.js.tmp.j1t1itrbhok'] {
  errno: -4058,
  code: 'ENOENT',
  syscall: 'open',
  path: 'C:\\Users\\josep\\OneDrive\\Desktop\\repos\\pantry-app\\.next\\static\\development\\_buildManifest.js.tmp.j1t1itrbhok'
}
[Error: ENOENT: no such file or directory, open 'C:\Users\josep\OneDrive\Desktop\repos\pantry-app\.next\static\development\_buildManifest.js.tmp.1zwtmf8odso'] {
  errno: -4058,
  code: 'ENOENT',
  syscall: 'open',
  path: 'C:\\Users\\josep\\OneDrive\\Desktop\\repos\\pantry-app\\.next\\static\\development\\_buildManifest.js.tmp.1zwtmf8odso'
}
 ⨯ [Error: ENOENT: no such file or directory, open 'C:\Users\josep\OneDrive\Desktop\repos\pantry-app\.next\server\app\page\app-build-manifest.json'] {
  errno: -4058,
  code: 'ENOENT',
  syscall: 'open',
  path: 'C:\\Users\\josep\\OneDrive\\Desktop\\repos\\pantry-app\\.next\\server\\app\\page\\app-build-manifest.json'
}
 ⨯ [Error: ENOENT: no such file or directory, open 'C:\Users\josep\OneDrive\Desktop\repos\pantry-app\.next\static\development\_buildManifest.js.tmp.dpabj86s47t'] {
  errno: -4058,
  code: 'ENOENT',
  syscall: 'open',
  path: 'C:\\Users\\josep\\OneDrive\\Desktop\\repos\\pantry-app\\.next\\static\\development\\_buildManifest.js.tmp.dpabj86s47t'
}
[Error: ENOENT: no such file or directory, open 'C:\Users\josep\OneDrive\Desktop\repos\pantry-app\.next\server\app\page\app-build-manifest.json'] {
  errno: -4058,
  code: 'ENOENT',
  syscall: 'open',
  path: 'C:\\Users\\josep\\OneDrive\\Desktop\\repos\\pantry-app\\.next\\server\\app\\page\\app-build-manifest.json'
}
 ⨯ [Error: ENOENT: no such file or directory, open 'C:\Users\josep\OneDrive\Desktop\repos\pantry-app\.next\static\development\_buildManifest.js.tmp.rh764j9etj'] {
  errno: -4058,
  code: 'ENOENT',
  syscall: 'open',
  path: 'C:\\Users\\josep\\OneDrive\\Desktop\\repos\\pantry-app\\.next\\static\\development\\_buildManifest.js.tmp.rh764j9etj'
}
[Error: ENOENT: no such file or directory, open 'C:\Users\josep\OneDrive\Desktop\repos\pantry-app\.next\static\development\_buildManifest.js.tmp.6fak4asegxh'] {
  errno: -4058,
  code: 'ENOENT',
  syscall: 'open',
  path: 'C:\\Users\\josep\\OneDrive\\Desktop\\repos\\pantry-app\\.next\\static\\development\\_buildManifest.js.tmp.6fak4asegxh'
}
 ⨯ [Error: ENOENT: no such file or directory, open 'C:\Users\josep\OneDrive\Desktop\repos\pantry-app\.next\server\app\page\app-build-manifest.json'] {
  errno: -4058,
  code: 'ENOENT',
  syscall: 'open',
  path: 'C:\\Users\\josep\\OneDrive\\Desktop\\repos\\pantry-app\\.next\\server\\app\\page\\app-build-manifest.json'
}
 ⨯ [Error: ENOENT: no such file or directory, open 'C:\Users\josep\OneDrive\Desktop\repos\pantry-app\.next\static\development\_buildManifest.js.tmp.z7tu97yeaah'] {
  errno: -4058,
  code: 'ENOENT',
  syscall: 'open',
  path: 'C:\\Users\\josep\\OneDrive\\Desktop\\repos\\pantry-app\\.next\\static\\development\\_buildManifest.js.tmp.z7tu97yeaah'
}
[Error: ENOENT: no such file or directory, open 'C:\Users\josep\OneDrive\Desktop\repos\pantry-app\.next\server\app\page\app-build-manifest.json'] {
  errno: -4058,
  code: 'ENOENT',
  syscall: 'open',
  path: 'C:\\Users\\josep\\OneDrive\\Desktop\\repos\\pantry-app\\.next\\server\\app\\page\\app-build-manifest.json'
}
 ⨯ [Error: ENOENT: no such file or directory, open 'C:\Users\josep\OneDrive\Desktop\repos\pantry-app\.next\static\development\_buildManifest.js.tmp.ukkn1gx5tj'] {
  errno: -4058,
  code: 'ENOENT',
  syscall: 'open',
  path: 'C:\\Users\\josep\\OneDrive\\Desktop\\repos\\pantry-app\\.next\\static\\development\\_buildManifest.js.tmp.ukkn1gx5tj'
}
[Error: ENOENT: no such file or directory, open 'C:\Users\josep\OneDrive\Desktop\repos\pantry-app\.next\static\development\_buildManifest.js.tmp.qp89gbn2tob'] {
  errno: -4058,
  code: 'ENOENT',
  syscall: 'open',
  path: 'C:\\Users\\josep\\OneDrive\\Desktop\\repos\\pantry-app\\.next\\static\\development\\_buildManifest.js.tmp.qp89gbn2tob'
}
 ⨯ [Error: ENOENT: no such file or directory, open 'C:\Users\josep\OneDrive\Desktop\repos\pantry-app\.next\server\app\page\app-build-manifest.json'] {
  errno: -4058,
  code: 'ENOENT',
  syscall: 'open',
  path: 'C:\\Users\\josep\\OneDrive\\Desktop\\repos\\pantry-app\\.next\\server\\app\\page\\app-build-manifest.json'
}
 ⨯ [Error: ENOENT: no such file or directory, open 'C:\Users\josep\OneDrive\Desktop\repos\pantry-app\.next\static\development\_buildManifest.js.tmp.oh8p3i6tr9'] {
  errno: -4058,
  code: 'ENOENT',
  syscall: 'open',
  path: 'C:\\Users\\josep\\OneDrive\\Desktop\\repos\\pantry-app\\.next\\static\\development\\_buildManifest.js.tmp.oh8p3i6tr9'
}
[Error: ENOENT: no such file or directory, open 'C:\Users\josep\OneDrive\Desktop\repos\pantry-app\.next\server\app\page\app-build-manifest.json'] {
  errno: -4058,
  code: 'ENOENT',
  syscall: 'open',
  path: 'C:\\Users\\josep\\OneDrive\\Desktop\\repos\\pantry-app\\.next\\server\\app\\page\\app-build-manifest.json'
}
 ⨯ [Error: ENOENT: no such file or directory, open 'C:\Users\josep\OneDrive\Desktop\repos\pantry-app\.next\static\development\_buildManifest.js.tmp.d308s0biqbd'] {
  errno: -4058,
  code: 'ENOENT',
  syscall: 'open',
  path: 'C:\\Users\\josep\\OneDrive\\Desktop\\repos\\pantry-app\\.next\\static\\development\\_buildManifest.js.tmp.d308s0biqbd'
}
[Error: ENOENT: no such file or directory, open 'C:\Users\josep\OneDrive\Desktop\repos\pantry-app\.next\static\development\_buildManifest.js.tmp.33l34kmfl64'] {
  errno: -4058,
  code: 'ENOENT',
  syscall: 'open',
  path: 'C:\\Users\\josep\\OneDrive\\Desktop\\repos\\pantry-app\\.next\\static\\development\\_buildManifest.js.tmp.33l34kmfl64'
}
 ⨯ [Error: ENOENT: no such file or directory, open 'C:\Users\josep\OneDrive\Desktop\repos\pantry-app\.next\server\app\page\app-build-manifest.json'] {
  errno: -4058,
  code: 'ENOENT',
  syscall: 'open',
  path: 'C:\\Users\\josep\\OneDrive\\Desktop\\repos\\pantry-app\\.next\\server\\app\\page\\app-build-manifest.json'
}
 ⨯ [Error: ENOENT: no such file or directory, open 'C:\Users\josep\OneDrive\Desktop\repos\pantry-app\.next\static\development\_buildManifest.js.tmp.xrux9sxin6e'] {
  errno: -4058,
  code: 'ENOENT',
  syscall: 'open',
  path: 'C:\\Users\\josep\\OneDrive\\Desktop\\repos\\pantry-app\\.next\\static\\development\\_buildManifest.js.tmp.xrux9sxin6e'
}
[Error: ENOENT: no such file or directory, open 'C:\Users\josep\OneDrive\Desktop\repos\pantry-app\.next\server\app\page\app-build-manifest.json'] {
  errno: -4058,
  code: 'ENOENT',
  syscall: 'open',
  path: 'C:\\Users\\josep\\OneDrive\\Desktop\\repos\\pantry-app\\.next\\server\\app\\page\\app-build-manifest.json'
}
 ⨯ [Error: ENOENT: no such file or directory, open 'C:\Users\josep\OneDrive\Desktop\repos\pantry-app\.next\static\development\_buildManifest.js.tmp.r1eqn98q47'] {
  errno: -4058,
  code: 'ENOENT',
  syscall: 'open',
  path: 'C:\\Users\\josep\\OneDrive\\Desktop\\repos\\pantry-app\\.next\\static\\development\\_buildManifest.js.tmp.r1eqn98q47'
}
[Error: ENOENT: no such file or directory, open 'C:\Users\josep\OneDrive\Desktop\repos\pantry-app\.next\static\development\_buildManifest.js.tmp.s5o3x7cpdji'] {
  errno: -4058,
  code: 'ENOENT',
  syscall: 'open',
  path: 'C:\\Users\\josep\\OneDrive\\Desktop\\repos\\pantry-app\\.next\\static\\development\\_buildManifest.js.tmp.s5o3x7cpdji'
}
 ⨯ [Error: ENOENT: no such file or directory, open 'C:\Users\josep\OneDrive\Desktop\repos\pantry-app\.next\server\app\page\app-build-manifest.json'] {
  errno: -4058,
  code: 'ENOENT',
  syscall: 'open',
  path: 'C:\\Users\\josep\\OneDrive\\Desktop\\repos\\pantry-app\\.next\\server\\app\\page\\app-build-manifest.json'
}
 ⨯ [Error: ENOENT: no such file or directory, open 'C:\Users\josep\OneDrive\Desktop\repos\pantry-app\.next\static\development\_buildManifest.js.tmp.mjio5qt6wdb'] {
  errno: -4058,
  code: 'ENOENT',
  syscall: 'open',
  path: 'C:\\Users\\josep\\OneDrive\\Desktop\\repos\\pantry-app\\.next\\static\\development\\_buildManifest.js.tmp.mjio5qt6wdb'
}
[Error: ENOENT: no such file or directory, open 'C:\Users\josep\OneDrive\Desktop\repos\pantry-app\.next\server\app\page\app-build-manifest.json'] {
  errno: -4058,
  code: 'ENOENT',
  syscall: 'open',
  path: 'C:\\Users\\josep\\OneDrive\\Desktop\\repos\\pantry-app\\.next\\server\\app\\page\\app-build-manifest.json'
}
 ⨯ [Error: ENOENT: no such file or directory, open 'C:\Users\josep\OneDrive\Desktop\repos\pantry-app\.next\static\development\_buildManifest.js.tmp.colmf6lg1q'] {
  errno: -4058,
  code: 'ENOENT',
  syscall: 'open',
  path: 'C:\\Users\\josep\\OneDrive\\Desktop\\repos\\pantry-app\\.next\\static\\development\\_buildManifest.js.tmp.colmf6lg1q'
}
[Error: ENOENT: no such file or directory, open 'C:\Users\josep\OneDrive\Desktop\repos\pantry-app\.next\static\development\_buildManifest.js.tmp.bge18zxs2rv'] {
  errno: -4058,
  code: 'ENOENT',
  syscall: 'open',
  path: 'C:\\Users\\josep\\OneDrive\\Desktop\\repos\\pantry-app\\.next\\static\\development\\_buildManifest.js.tmp.bge18zxs2rv'
}
 ⨯ [Error: ENOENT: no such file or directory, open 'C:\Users\josep\OneDrive\Desktop\repos\pantry-app\.next\server\app\page\app-build-manifest.json'] {
  errno: -4058,
  code: 'ENOENT',
  syscall: 'open',
  path: 'C:\\Users\\josep\\OneDrive\\Desktop\\repos\\pantry-app\\.next\\server\\app\\page\\app-build-manifest.json'
}
 ⨯ [Error: ENOENT: no such file or directory, open 'C:\Users\josep\OneDrive\Desktop\repos\pantry-app\.next\static\development\_buildManifest.js.tmp.6xxbo82bvhr'] {
  errno: -4058,
  code: 'ENOENT',
  syscall: 'open',
  path: 'C:\\Users\\josep\\OneDrive\\Desktop\\repos\\pantry-app\\.next\\static\\development\\_buildManifest.js.tmp.6xxbo82bvhr'
}
[Error: ENOENT: no such file or directory, open 'C:\Users\josep\OneDrive\Desktop\repos\pantry-app\.next\server\app\page\app-build-manifest.json'] {
  errno: -4058,
  code: 'ENOENT',
  syscall: 'open',
  path: 'C:\\Users\\josep\\OneDrive\\Desktop\\repos\\pantry-app\\.next\\server\\app\\page\\app-build-manifest.json'
}
 ⨯ [Error: ENOENT: no such file or directory, open 'C:\Users\josep\OneDrive\Desktop\repos\pantry-app\.next\static\development\_buildManifest.js.tmp.qr3s40561cf'] {
  errno: -4058,
  code: 'ENOENT',
  syscall: 'open',
  path: 'C:\\Users\\josep\\OneDrive\\Desktop\\repos\\pantry-app\\.next\\static\\development\\_buildManifest.js.tmp.qr3s40561cf'
}
[Error: ENOENT: no such file or directory, open 'C:\Users\josep\OneDrive\Desktop\repos\pantry-app\.next\static\development\_buildManifest.js.tmp.bzg18hkcvun'] {
  errno: -4058,
  code: 'ENOENT',
  syscall: 'open',
  path: 'C:\\Users\\josep\\OneDrive\\Desktop\\repos\\pantry-app\\.next\\static\\development\\_buildManifest.js.tmp.bzg18hkcvun'
}
 ⨯ [Error: ENOENT: no such file or directory, open 'C:\Users\josep\OneDrive\Desktop\repos\pantry-app\.next\server\app\page\app-build-manifest.json'] {
  errno: -4058,
  code: 'ENOENT',
  syscall: 'open',
  path: 'C:\\Users\\josep\\OneDrive\\Desktop\\repos\\pantry-app\\.next\\server\\app\\page\\app-build-manifest.json'
}
 ⨯ [Error: ENOENT: no such file or directory, open 'C:\Users\josep\OneDrive\Desktop\repos\pantry-app\.next\static\development\_buildManifest.js.tmp.en36q8nuxp7'] {
  errno: -4058,
  code: 'ENOENT',
  syscall: 'open',
  path: 'C:\\Users\\josep\\OneDrive\\Desktop\\repos\\pantry-app\\.next\\static\\development\\_buildManifest.js.tmp.en36q8nuxp7'
}
[Error: ENOENT: no such file or directory, open 'C:\Users\josep\OneDrive\Desktop\repos\pantry-app\.next\server\app\page\app-build-manifest.json'] {
  errno: -4058,
  code: 'ENOENT',
  syscall: 'open',
  path: 'C:\\Users\\josep\\OneDrive\\Desktop\\repos\\pantry-app\\.next\\server\\app\\page\\app-build-manifest.json'
}
 ⨯ [Error: ENOENT: no such file or directory, open 'C:\Users\josep\OneDrive\Desktop\repos\pantry-app\.next\static\development\_buildManifest.js.tmp.7djw80kmfi3'] {
  errno: -4058,
  code: 'ENOENT',
  syscall: 'open',
  path: 'C:\\Users\\josep\\OneDrive\\Desktop\\repos\\pantry-app\\.next\\static\\development\\_buildManifest.js.tmp.7djw80kmfi3'
}
[Error: ENOENT: no such file or directory, open 'C:\Users\josep\OneDrive\Desktop\repos\pantry-app\.next\static\development\_buildManifest.js.tmp.2esx657fwnq'] {
  errno: -4058,
  code: 'ENOENT',
  syscall: 'open',
  path: 'C:\\Users\\josep\\OneDrive\\Desktop\\repos\\pantry-app\\.next\\static\\development\\_buildManifest.js.tmp.2esx657fwnq'
}
 ⨯ [Error: ENOENT: no such file or directory, open 'C:\Users\josep\OneDrive\Desktop\repos\pantry-app\.next\server\app\page\app-build-manifest.json'] {
  errno: -4058,
  code: 'ENOENT',
  syscall: 'open',
  path: 'C:\\Users\\josep\\OneDrive\\Desktop\\repos\\pantry-app\\.next\\server\\app\\page\\app-build-manifest.json'
}
 ⨯ [Error: ENOENT: no such file or directory, open 'C:\Users\josep\OneDrive\Desktop\repos\pantry-app\.next\static\development\_buildManifest.js.tmp.7xmkigacyw9'] {
  errno: -4058,
  code: 'ENOENT',
  syscall: 'open',
  path: 'C:\\Users\\josep\\OneDrive\\Desktop\\repos\\pantry-app\\.next\\static\\development\\_buildManifest.js.tmp.7xmkigacyw9'
}
[Error: ENOENT: no such file or directory, open 'C:\Users\josep\OneDrive\Desktop\repos\pantry-app\.next\server\app\page\app-build-manifest.json'] {
  errno: -4058,
  code: 'ENOENT',
  syscall: 'open',
  path: 'C:\\Users\\josep\\OneDrive\\Desktop\\repos\\pantry-app\\.next\\server\\app\\page\\app-build-manifest.json'
}
 ⨯ [Error: ENOENT: no such file or directory, open 'C:\Users\josep\OneDrive\Desktop\repos\pantry-app\.next\static\development\_buildManifest.js.tmp.urbbi801pvk'] {
  errno: -4058,
  code: 'ENOENT',
  syscall: 'open',
  path: 'C:\\Users\\josep\\OneDrive\\Desktop\\repos\\pantry-app\\.next\\static\\development\\_buildManifest.js.tmp.urbbi801pvk'
}
[Error: ENOENT: no such file or directory, open 'C:\Users\josep\OneDrive\Desktop\repos\pantry-app\.next\static\development\_buildManifest.js.tmp.3nrc9xe14x2'] {
  errno: -4058,
  code: 'ENOENT',
  syscall: 'open',
  path: 'C:\\Users\\josep\\OneDrive\\Desktop\\repos\\pantry-app\\.next\\static\\development\\_buildManifest.js.tmp.3nrc9xe14x2'
}
 ⨯ [Error: ENOENT: no such file or directory, open 'C:\Users\josep\OneDrive\Desktop\repos\pantry-app\.next\server\app\page\app-build-manifest.json'] {
  errno: -4058,
  code: 'ENOENT',
  syscall: 'open',
  path: 'C:\\Users\\josep\\OneDrive\\Desktop\\repos\\pantry-app\\.next\\server\\app\\page\\app-build-manifest.json'
}
 ⨯ [Error: ENOENT: no such file or directory, open 'C:\Users\josep\OneDrive\Desktop\repos\pantry-app\.next\static\development\_buildManifest.js.tmp.fa442sq8ihm'] {
  errno: -4058,
  code: 'ENOENT',
  syscall: 'open',
  path: 'C:\\Users\\josep\\OneDrive\\Desktop\\repos\\pantry-app\\.next\\static\\development\\_buildManifest.js.tmp.fa442sq8ihm'
}
[Error: ENOENT: no such file or directory, open 'C:\Users\josep\OneDrive\Desktop\repos\pantry-app\.next\server\app\page\app-build-manifest.json'] {
  errno: -4058,
  code: 'ENOENT',
  syscall: 'open',
  path: 'C:\\Users\\josep\\OneDrive\\Desktop\\repos\\pantry-app\\.next\\server\\app\\page\\app-build-manifest.json'
}
 ⨯ [Error: ENOENT: no such file or directory, open 'C:\Users\josep\OneDrive\Desktop\repos\pantry-app\.next\static\development\_buildManifest.js.tmp.cqlrprgdbpa'] {
  errno: -4058,
  code: 'ENOENT',
  syscall: 'open',
  path: 'C:\\Users\\josep\\OneDrive\\Desktop\\repos\\pantry-app\\.next\\static\\development\\_buildManifest.js.tmp.cqlrprgdbpa'
}
[Error: ENOENT: no such file or directory, open 'C:\Users\josep\OneDrive\Desktop\repos\pantry-app\.next\static\development\_buildManifest.js.tmp.hq5m569s5r'] {
  errno: -4058,
  code: 'ENOENT',
  syscall: 'open',
  path: 'C:\\Users\\josep\\OneDrive\\Desktop\\repos\\pantry-app\\.next\\static\\development\\_buildManifest.js.tmp.hq5m569s5r'
}
 ⨯ [Error: ENOENT: no such file or directory, open 'C:\Users\josep\OneDrive\Desktop\repos\pantry-app\.next\server\app\page\app-build-manifest.json'] {
  errno: -4058,
  code: 'ENOENT',
  syscall: 'open',
  path: 'C:\\Users\\josep\\OneDrive\\Desktop\\repos\\pantry-app\\.next\\server\\app\\page\\app-build-manifest.json'
}
 ⨯ [Error: ENOENT: no such file or directory, open 'C:\Users\josep\OneDrive\Desktop\repos\pantry-app\.next\static\development\_buildManifest.js.tmp.ob4a3jexku'] {
  errno: -4058,
  code: 'ENOENT',
  syscall: 'open',
  path: 'C:\\Users\\josep\\OneDrive\\Desktop\\repos\\pantry-app\\.next\\static\\development\\_buildManifest.js.tmp.ob4a3jexku'
}
[Error: ENOENT: no such file or directory, open 'C:\Users\josep\OneDrive\Desktop\repos\pantry-app\.next\server\app\page\app-build-manifest.json'] {
  errno: -4058,
  code: 'ENOENT',
  syscall: 'open',
  path: 'C:\\Users\\josep\\OneDrive\\Desktop\\repos\\pantry-app\\.next\\server\\app\\page\\app-build-manifest.json'
}
 ⨯ [Error: ENOENT: no such file or directory, open 'C:\Users\josep\OneDrive\Desktop\repos\pantry-app\.next\static\development\_buildManifest.js.tmp.w546bjp0b9l'] {
  errno: -4058,
  code: 'ENOENT',
  syscall: 'open',
  path: 'C:\\Users\\josep\\OneDrive\\Desktop\\repos\\pantry-app\\.next\\static\\development\\_buildManifest.js.tmp.w546bjp0b9l'
}
[Error: ENOENT: no such file or directory, open 'C:\Users\josep\OneDrive\Desktop\repos\pantry-app\.next\static\development\_buildManifest.js.tmp.au9tnbtnhah'] {
  errno: -4058,
  code: 'ENOENT',
  syscall: 'open',
  path: 'C:\\Users\\josep\\OneDrive\\Desktop\\repos\\pantry-app\\.next\\static\\development\\_buildManifest.js.tmp.au9tnbtnhah'
}
 ⨯ [Error: ENOENT: no such file or directory, open 'C:\Users\josep\OneDrive\Desktop\repos\pantry-app\.next\server\app\page\app-build-manifest.json'] {
  errno: -4058,
  code: 'ENOENT',
  syscall: 'open',
  path: 'C:\\Users\\josep\\OneDrive\\Desktop\\repos\\pantry-app\\.next\\server\\app\\page\\app-build-manifest.json'
}
 ⨯ [Error: ENOENT: no such file or directory, open 'C:\Users\josep\OneDrive\Desktop\repos\pantry-app\.next\static\development\_buildManifest.js.tmp.3qi82rm4vo9'] {
  errno: -4058,
  code: 'ENOENT',
  syscall: 'open',
  path: 'C:\\Users\\josep\\OneDrive\\Desktop\\repos\\pantry-app\\.next\\static\\development\\_buildManifest.js.tmp.3qi82rm4vo9'
}
[Error: ENOENT: no such file or directory, open 'C:\Users\josep\OneDrive\Desktop\repos\pantry-app\.next\server\app\page\app-build-manifest.json'] {
  errno: -4058,
  code: 'ENOENT',
  syscall: 'open',
  path: 'C:\\Users\\josep\\OneDrive\\Desktop\\repos\\pantry-app\\.next\\server\\app\\page\\app-build-manifest.json'
}
 ⨯ [Error: ENOENT: no such file or directory, open 'C:\Users\josep\OneDrive\Desktop\repos\pantry-app\.next\static\development\_buildManifest.js.tmp.ptrtfn20whr'] {
  errno: -4058,
  code: 'ENOENT',
  syscall: 'open',
  path: 'C:\\Users\\josep\\OneDrive\\Desktop\\repos\\pantry-app\\.next\\static\\development\\_buildManifest.js.tmp.ptrtfn20whr'
}
[Error: ENOENT: no such file or directory, open 'C:\Users\josep\OneDrive\Desktop\repos\pantry-app\.next\static\development\_buildManifest.js.tmp.a85my7u23c'] {
  errno: -4058,
  code: 'ENOENT',
  syscall: 'open',
  path: 'C:\\Users\\josep\\OneDrive\\Desktop\\repos\\pantry-app\\.next\\static\\development\\_buildManifest.js.tmp.a85my7u23c'
}
 ⨯ [Error: ENOENT: no such file or directory, open 'C:\Users\josep\OneDrive\Desktop\repos\pantry-app\.next\server\app\page\app-build-manifest.json'] {
  errno: -4058,
  code: 'ENOENT',
  syscall: 'open',
  path: 'C:\\Users\\josep\\OneDrive\\Desktop\\repos\\pantry-app\\.next\\server\\app\\page\\app-build-manifest.json'
}
 ⨯ [Error: ENOENT: no such file or directory, open 'C:\Users\josep\OneDrive\Desktop\repos\pantry-app\.next\static\development\_buildManifest.js.tmp.p054dtz4yos'] {
  errno: -4058,
  code: 'ENOENT',
  syscall: 'open',
  path: 'C:\\Users\\josep\\OneDrive\\Desktop\\repos\\pantry-app\\.next\\static\\development\\_buildManifest.js.tmp.p054dtz4yos'
}
[Error: ENOENT: no such file or directory, open 'C:\Users\josep\OneDrive\Desktop\repos\pantry-app\.next\server\app\page\app-build-manifest.json'] {
  errno: -4058,
  code: 'ENOENT',
  syscall: 'open',
  path: 'C:\\Users\\josep\\OneDrive\\Desktop\\repos\\pantry-app\\.next\\server\\app\\page\\app-build-manifest.json'
}
 ⨯ [Error: ENOENT: no such file or directory, open 'C:\Users\josep\OneDrive\Desktop\repos\pantry-app\.next\static\development\_buildManifest.js.tmp.0somvj4n38ib'] {
  errno: -4058,
  code: 'ENOENT',
  syscall: 'open',
  path: 'C:\\Users\\josep\\OneDrive\\Desktop\\repos\\pantry-app\\.next\\static\\development\\_buildManifest.js.tmp.0somvj4n38ib'
}
[Error: ENOENT: no such file or directory, open 'C:\Users\josep\OneDrive\Desktop\repos\pantry-app\.next\static\development\_buildManifest.js.tmp.kdxdgkbzks'] {
  errno: -4058,
  code: 'ENOENT',
  syscall: 'open',
  path: 'C:\\Users\\josep\\OneDrive\\Desktop\\repos\\pantry-app\\.next\\static\\development\\_buildManifest.js.tmp.kdxdgkbzks'
}
 ⨯ [Error: ENOENT: no such file or directory, open 'C:\Users\josep\OneDrive\Desktop\repos\pantry-app\.next\server\app\page\app-build-manifest.json'] {
  errno: -4058,
  code: 'ENOENT',
  syscall: 'open',
  path: 'C:\\Users\\josep\\OneDrive\\Desktop\\repos\\pantry-app\\.next\\server\\app\\page\\app-build-manifest.json'
}
 ⨯ [Error: ENOENT: no such file or directory, open 'C:\Users\josep\OneDrive\Desktop\repos\pantry-app\.next\static\development\_buildManifest.js.tmp.9qklv8j3wef'] {
  errno: -4058,
  code: 'ENOENT',
  syscall: 'open',
  path: 'C:\\Users\\josep\\OneDrive\\Desktop\\repos\\pantry-app\\.next\\static\\development\\_buildManifest.js.tmp.9qklv8j3wef'
}
[Error: ENOENT: no such file or directory, open 'C:\Users\josep\OneDrive\Desktop\repos\pantry-app\.next\server\app\page\app-build-manifest.json'] {
  errno: -4058,
  code: 'ENOENT',
  syscall: 'open',
  path: 'C:\\Users\\josep\\OneDrive\\Desktop\\repos\\pantry-app\\.next\\server\\app\\page\\app-build-manifest.json'
}
 ⨯ [Error: ENOENT: no such file or directory, open 'C:\Users\josep\OneDrive\Desktop\repos\pantry-app\.next\static\development\_buildManifest.js.tmp.4f3tr5tuspz'] {
  errno: -4058,
  code: 'ENOENT',
  syscall: 'open',
  path: 'C:\\Users\\josep\\OneDrive\\Desktop\\repos\\pantry-app\\.next\\static\\development\\_buildManifest.js.tmp.4f3tr5tuspz'
}
[Error: ENOENT: no such file or directory, open 'C:\Users\josep\OneDrive\Desktop\repos\pantry-app\.next\static\development\_buildManifest.js.tmp.liqaiphmsjs'] {
  errno: -4058,
  code: 'ENOENT',
  syscall: 'open',
  path: 'C:\\Users\\josep\\OneDrive\\Desktop\\repos\\pantry-app\\.next\\static\\development\\_buildManifest.js.tmp.liqaiphmsjs'
}
 ⨯ [Error: ENOENT: no such file or directory, open 'C:\Users\josep\OneDrive\Desktop\repos\pantry-app\.next\server\app\page\app-build-manifest.json'] {
  errno: -4058,
  code: 'ENOENT',
  syscall: 'open',
  path: 'C:\\Users\\josep\\OneDrive\\Desktop\\repos\\pantry-app\\.next\\server\\app\\page\\app-build-manifest.json'
}
 ⨯ [Error: ENOENT: no such file or directory, open 'C:\Users\josep\OneDrive\Desktop\repos\pantry-app\.next\static\development\_buildManifest.js.tmp.s1epp8lb4wp'] {
  errno: -4058,
  code: 'ENOENT',
  syscall: 'open',
  path: 'C:\\Users\\josep\\OneDrive\\Desktop\\repos\\pantry-app\\.next\\static\\development\\_buildManifest.js.tmp.s1epp8lb4wp'
}
[Error: ENOENT: no such file or directory, open 'C:\Users\josep\OneDrive\Desktop\repos\pantry-app\.next\server\app\page\app-build-manifest.json'] {
  errno: -4058,
  code: 'ENOENT',
  syscall: 'open',
  path: 'C:\\Users\\josep\\OneDrive\\Desktop\\repos\\pantry-app\\.next\\server\\app\\page\\app-build-manifest.json'
}
 ⨯ [Error: ENOENT: no such file or directory, open 'C:\Users\josep\OneDrive\Desktop\repos\pantry-app\.next\static\development\_buildManifest.js.tmp.4o5kr8r23no'] {
  errno: -4058,
  code: 'ENOENT',
  syscall: 'open',
  path: 'C:\\Users\\josep\\OneDrive\\Desktop\\repos\\pantry-app\\.next\\static\\development\\_buildManifest.js.tmp.4o5kr8r23no'
}
[Error: ENOENT: no such file or directory, open 'C:\Users\josep\OneDrive\Desktop\repos\pantry-app\.next\static\development\_buildManifest.js.tmp.8nxmyo5epb'] {
  errno: -4058,
  code: 'ENOENT',
  syscall: 'open',
  path: 'C:\\Users\\josep\\OneDrive\\Desktop\\repos\\pantry-app\\.next\\static\\development\\_buildManifest.js.tmp.8nxmyo5epb'
}
 ⨯ [Error: ENOENT: no such file or directory, open 'C:\Users\josep\OneDrive\Desktop\repos\pantry-app\.next\server\app\page\app-build-manifest.json'] {
  errno: -4058,
  code: 'ENOENT',
  syscall: 'open',
  path: 'C:\\Users\\josep\\OneDrive\\Desktop\\repos\\pantry-app\\.next\\server\\app\\page\\app-build-manifest.json'
}
 ⨯ [Error: ENOENT: no such file or directory, open 'C:\Users\josep\OneDrive\Desktop\repos\pantry-app\.next\static\development\_buildManifest.js.tmp.ocj8nxwdao'] {
  errno: -4058,
  code: 'ENOENT',
  syscall: 'open',
  path: 'C:\\Users\\josep\\OneDrive\\Desktop\\repos\\pantry-app\\.next\\static\\development\\_buildManifest.js.tmp.ocj8nxwdao'
}
[Error: ENOENT: no such file or directory, open 'C:\Users\josep\OneDrive\Desktop\repos\pantry-app\.next\server\app\page\app-build-manifest.json'] {
  errno: -4058,
  code: 'ENOENT',
  syscall: 'open',
  path: 'C:\\Users\\josep\\OneDrive\\Desktop\\repos\\pantry-app\\.next\\server\\app\\page\\app-build-manifest.json'
}
 ⨯ [Error: ENOENT: no such file or directory, open 'C:\Users\josep\OneDrive\Desktop\repos\pantry-app\.next\static\development\_buildManifest.js.tmp.pxwkcv7ql6'] {
  errno: -4058,
  code: 'ENOENT',
  syscall: 'open',
  path: 'C:\\Users\\josep\\OneDrive\\Desktop\\repos\\pantry-app\\.next\\static\\development\\_buildManifest.js.tmp.pxwkcv7ql6'
}
[Error: ENOENT: no such file or directory, open 'C:\Users\josep\OneDrive\Desktop\repos\pantry-app\.next\static\development\_buildManifest.js.tmp.5oodh7613f'] {
  errno: -4058,
  code: 'ENOENT',
  syscall: 'open',
  path: 'C:\\Users\\josep\\OneDrive\\Desktop\\repos\\pantry-app\\.next\\static\\development\\_buildManifest.js.tmp.5oodh7613f'
}
 ⨯ [Error: ENOENT: no such file or directory, open 'C:\Users\josep\OneDrive\Desktop\repos\pantry-app\.next\server\app\page\app-build-manifest.json'] {
  errno: -4058,
  code: 'ENOENT',
  syscall: 'open',
  path: 'C:\\Users\\josep\\OneDrive\\Desktop\\repos\\pantry-app\\.next\\server\\app\\page\\app-build-manifest.json'
}
 ⨯ [Error: ENOENT: no such file or directory, open 'C:\Users\josep\OneDrive\Desktop\repos\pantry-app\.next\static\development\_buildManifest.js.tmp.9ow8ef34bb9'] {
  errno: -4058,
  code: 'ENOENT',
  syscall: 'open',
  path: 'C:\\Users\\josep\\OneDrive\\Desktop\\repos\\pantry-app\\.next\\static\\development\\_buildManifest.js.tmp.9ow8ef34bb9'
}
[Error: ENOENT: no such file or directory, open 'C:\Users\josep\OneDrive\Desktop\repos\pantry-app\.next\server\app\page\app-build-manifest.json'] {
  errno: -4058,
  code: 'ENOENT',
  syscall: 'open',
  path: 'C:\\Users\\josep\\OneDrive\\Desktop\\repos\\pantry-app\\.next\\server\\app\\page\\app-build-manifest.json'
}
 ⨯ [Error: ENOENT: no such file or directory, open 'C:\Users\josep\OneDrive\Desktop\repos\pantry-app\.next\static\development\_buildManifest.js.tmp.93iu99xu28p'] {
  errno: -4058,
  code: 'ENOENT',
  syscall: 'open',
  path: 'C:\\Users\\josep\\OneDrive\\Desktop\\repos\\pantry-app\\.next\\static\\development\\_buildManifest.js.tmp.93iu99xu28p'
}
[Error: ENOENT: no such file or directory, open 'C:\Users\josep\OneDrive\Desktop\repos\pantry-app\.next\static\development\_buildManifest.js.tmp.e8b72zg1124'] {
  errno: -4058,
  code: 'ENOENT',
  syscall: 'open',
  path: 'C:\\Users\\josep\\OneDrive\\Desktop\\repos\\pantry-app\\.next\\static\\development\\_buildManifest.js.tmp.e8b72zg1124'
}
 ⨯ [Error: ENOENT: no such file or directory, open 'C:\Users\josep\OneDrive\Desktop\repos\pantry-app\.next\server\app\page\app-build-manifest.json'] {
  errno: -4058,
  code: 'ENOENT',
  syscall: 'open',
  path: 'C:\\Users\\josep\\OneDrive\\Desktop\\repos\\pantry-app\\.next\\server\\app\\page\\app-build-manifest.json'
}
 ⨯ [Error: ENOENT: no such file or directory, open 'C:\Users\josep\OneDrive\Desktop\repos\pantry-app\.next\static\development\_buildManifest.js.tmp.7c64cr9mg75'] {
  errno: -4058,
  code: 'ENOENT',
  syscall: 'open',
  path: 'C:\\Users\\josep\\OneDrive\\Desktop\\repos\\pantry-app\\.next\\static\\development\\_buildManifest.js.tmp.7c64cr9mg75'
}
[Error: ENOENT: no such file or directory, open 'C:\Users\josep\OneDrive\Desktop\repos\pantry-app\.next\server\app\page\app-build-manifest.json'] {
  errno: -4058,
  code: 'ENOENT',
  syscall: 'open',
  path: 'C:\\Users\\josep\\OneDrive\\Desktop\\repos\\pantry-app\\.next\\server\\app\\page\\app-build-manifest.json'
}
 ⨯ [Error: ENOENT: no such file or directory, open 'C:\Users\josep\OneDrive\Desktop\repos\pantry-app\.next\static\development\_buildManifest.js.tmp.xbd2wpgtcdg'] {
  errno: -4058,
  code: 'ENOENT',
  syscall: 'open',
  path: 'C:\\Users\\josep\\OneDrive\\Desktop\\repos\\pantry-app\\.next\\static\\development\\_buildManifest.js.tmp.xbd2wpgtcdg'
}
[Error: ENOENT: no such file or directory, open 'C:\Users\josep\OneDrive\Desktop\repos\pantry-app\.next\static\development\_buildManifest.js.tmp.46r8tz28h4x'] {
  errno: -4058,
  code: 'ENOENT',
  syscall: 'open',
  path: 'C:\\Users\\josep\\OneDrive\\Desktop\\repos\\pantry-app\\.next\\static\\development\\_buildManifest.js.tmp.46r8tz28h4x'
}
 ⨯ [Error: ENOENT: no such file or directory, open 'C:\Users\josep\OneDrive\Desktop\repos\pantry-app\.next\server\app\page\app-build-manifest.json'] {
  errno: -4058,
  code: 'ENOENT',
  syscall: 'open',
  path: 'C:\\Users\\josep\\OneDrive\\Desktop\\repos\\pantry-app\\.next\\server\\app\\page\\app-build-manifest.json'
}
 ⨯ [Error: ENOENT: no such file or directory, open 'C:\Users\josep\OneDrive\Desktop\repos\pantry-app\.next\static\development\_buildManifest.js.tmp.rsii0ezwh8g'] {
  errno: -4058,
  code: 'ENOENT',
  syscall: 'open',
  path: 'C:\\Users\\josep\\OneDrive\\Desktop\\repos\\pantry-app\\.next\\static\\development\\_buildManifest.js.tmp.rsii0ezwh8g'
}
[Error: ENOENT: no such file or directory, open 'C:\Users\josep\OneDrive\Desktop\repos\pantry-app\.next\server\app\page\app-build-manifest.json'] {
  errno: -4058,
  code: 'ENOENT',
  syscall: 'open',
  path: 'C:\\Users\\josep\\OneDrive\\Desktop\\repos\\pantry-app\\.next\\server\\app\\page\\app-build-manifest.json'
}
 ⨯ [Error: ENOENT: no such file or directory, open 'C:\Users\josep\OneDrive\Desktop\repos\pantry-app\.next\static\development\_buildManifest.js.tmp.w98od4y6cnd'] {
  errno: -4058,
  code: 'ENOENT',
  syscall: 'open',
  path: 'C:\\Users\\josep\\OneDrive\\Desktop\\repos\\pantry-app\\.next\\static\\development\\_buildManifest.js.tmp.w98od4y6cnd'
}
[Error: ENOENT: no such file or directory, open 'C:\Users\josep\OneDrive\Desktop\repos\pantry-app\.next\static\development\_buildManifest.js.tmp.09t1ur5xqnpp'] {
  errno: -4058,
  code: 'ENOENT',
  syscall: 'open',
  path: 'C:\\Users\\josep\\OneDrive\\Desktop\\repos\\pantry-app\\.next\\static\\development\\_buildManifest.js.tmp.09t1ur5xqnpp'
}
 ⨯ [Error: ENOENT: no such file or directory, open 'C:\Users\josep\OneDrive\Desktop\repos\pantry-app\.next\server\app\page\app-build-manifest.json'] {
  errno: -4058,
  code: 'ENOENT',
  syscall: 'open',
  path: 'C:\\Users\\josep\\OneDrive\\Desktop\\repos\\pantry-app\\.next\\server\\app\\page\\app-build-manifest.json'
}
 ⨯ [Error: ENOENT: no such file or directory, open 'C:\Users\josep\OneDrive\Desktop\repos\pantry-app\.next\static\development\_buildManifest.js.tmp.j28dos7oi2'] {
  errno: -4058,
  code: 'ENOENT',
  syscall: 'open',
  path: 'C:\\Users\\josep\\OneDrive\\Desktop\\repos\\pantry-app\\.next\\static\\development\\_buildManifest.js.tmp.j28dos7oi2'
}
[Error: ENOENT: no such file or directory, open 'C:\Users\josep\OneDrive\Desktop\repos\pantry-app\.next\server\app\page\app-build-manifest.json'] {
  errno: -4058,
  code: 'ENOENT',
  syscall: 'open',
  path: 'C:\\Users\\josep\\OneDrive\\Desktop\\repos\\pantry-app\\.next\\server\\app\\page\\app-build-manifest.json'
}
 ⨯ [Error: ENOENT: no such file or directory, open 'C:\Users\josep\OneDrive\Desktop\repos\pantry-app\.next\static\development\_buildManifest.js.tmp.hhpa9vuntga'] {
  errno: -4058,
  code: 'ENOENT',
  syscall: 'open',
  path: 'C:\\Users\\josep\\OneDrive\\Desktop\\repos\\pantry-app\\.next\\static\\development\\_buildManifest.js.tmp.hhpa9vuntga'
}
[Error: ENOENT: no such file or directory, open 'C:\Users\josep\OneDrive\Desktop\repos\pantry-app\.next\static\development\_buildManifest.js.tmp.gu5m5cdwkba'] {
  errno: -4058,
  code: 'ENOENT',
  syscall: 'open',
  path: 'C:\\Users\\josep\\OneDrive\\Desktop\\repos\\pantry-app\\.next\\static\\development\\_buildManifest.js.tmp.gu5m5cdwkba'
}
 ⨯ [Error: ENOENT: no such file or directory, open 'C:\Users\josep\OneDrive\Desktop\repos\pantry-app\.next\server\app\page\app-build-manifest.json'] {
  errno: -4058,
  code: 'ENOENT',
  syscall: 'open',
  path: 'C:\\Users\\josep\\OneDrive\\Desktop\\repos\\pantry-app\\.next\\server\\app\\page\\app-build-manifest.json'
}
 ⨯ [Error: ENOENT: no such file or directory, open 'C:\Users\josep\OneDrive\Desktop\repos\pantry-app\.next\static\development\_buildManifest.js.tmp.hbat509fd38'] {
  errno: -4058,
  code: 'ENOENT',
  syscall: 'open',
  path: 'C:\\Users\\josep\\OneDrive\\Desktop\\repos\\pantry-app\\.next\\static\\development\\_buildManifest.js.tmp.hbat509fd38'
}
[Error: ENOENT: no such file or directory, open 'C:\Users\josep\OneDrive\Desktop\repos\pantry-app\.next\server\app\page\app-build-manifest.json'] {
  errno: -4058,
  code: 'ENOENT',
  syscall: 'open',
  path: 'C:\\Users\\josep\\OneDrive\\Desktop\\repos\\pantry-app\\.next\\server\\app\\page\\app-build-manifest.json'
}
 ⨯ [Error: ENOENT: no such file or directory, open 'C:\Users\josep\OneDrive\Desktop\repos\pantry-app\.next\static\development\_buildManifest.js.tmp.2qntp0y2qnf'] {
  errno: -4058,
  code: 'ENOENT',
  syscall: 'open',
  path: 'C:\\Users\\josep\\OneDrive\\Desktop\\repos\\pantry-app\\.next\\static\\development\\_buildManifest.js.tmp.2qntp0y2qnf'
}
[Error: ENOENT: no such file or directory, open 'C:\Users\josep\OneDrive\Desktop\repos\pantry-app\.next\static\development\_buildManifest.js.tmp.9qs94gguk07'] {
  errno: -4058,
  code: 'ENOENT',
  syscall: 'open',
  path: 'C:\\Users\\josep\\OneDrive\\Desktop\\repos\\pantry-app\\.next\\static\\development\\_buildManifest.js.tmp.9qs94gguk07'
}
 ⨯ [Error: ENOENT: no such file or directory, open 'C:\Users\josep\OneDrive\Desktop\repos\pantry-app\.next\server\app\page\app-build-manifest.json'] {
  errno: -4058,
  code: 'ENOENT',
  syscall: 'open',
  path: 'C:\\Users\\josep\\OneDrive\\Desktop\\repos\\pantry-app\\.next\\server\\app\\page\\app-build-manifest.json'
}
 ⨯ [Error: ENOENT: no such file or directory, open 'C:\Users\josep\OneDrive\Desktop\repos\pantry-app\.next\static\development\_buildManifest.js.tmp.3vdjkve046k'] {
  errno: -4058,
  code: 'ENOENT',
  syscall: 'open',
  path: 'C:\\Users\\josep\\OneDrive\\Desktop\\repos\\pantry-app\\.next\\static\\development\\_buildManifest.js.tmp.3vdjkve046k'
}
[Error: ENOENT: no such file or directory, open 'C:\Users\josep\OneDrive\Desktop\repos\pantry-app\.next\server\app\page\app-build-manifest.json'] {
  errno: -4058,
  code: 'ENOENT',
  syscall: 'open',
  path: 'C:\\Users\\josep\\OneDrive\\Desktop\\repos\\pantry-app\\.next\\server\\app\\page\\app-build-manifest.json'
}
 ⨯ [Error: ENOENT: no such file or directory, open 'C:\Users\josep\OneDrive\Desktop\repos\pantry-app\.next\static\development\_buildManifest.js.tmp.hds2u7modf8'] {
  errno: -4058,
  code: 'ENOENT',
  syscall: 'open',
  path: 'C:\\Users\\josep\\OneDrive\\Desktop\\repos\\pantry-app\\.next\\static\\development\\_buildManifest.js.tmp.hds2u7modf8'
}
[Error: ENOENT: no such file or directory, open 'C:\Users\josep\OneDrive\Desktop\repos\pantry-app\.next\static\development\_buildManifest.js.tmp.pr5j16y9lye'] {
  errno: -4058,
  code: 'ENOENT',
  syscall: 'open',
  path: 'C:\\Users\\josep\\OneDrive\\Desktop\\repos\\pantry-app\\.next\\static\\development\\_buildManifest.js.tmp.pr5j16y9lye'
}
 ⨯ [Error: ENOENT: no such file or directory, open 'C:\Users\josep\OneDrive\Desktop\repos\pantry-app\.next\server\app\page\app-build-manifest.json'] {
  errno: -4058,
  code: 'ENOENT',
  syscall: 'open',
  path: 'C:\\Users\\josep\\OneDrive\\Desktop\\repos\\pantry-app\\.next\\server\\app\\page\\app-build-manifest.json'
}
 ⨯ [Error: ENOENT: no such file or directory, open 'C:\Users\josep\OneDrive\Desktop\repos\pantry-app\.next\static\development\_buildManifest.js.tmp.9fjpcg1dov6'] {
  errno: -4058,
  code: 'ENOENT',
  syscall: 'open',
  path: 'C:\\Users\\josep\\OneDrive\\Desktop\\repos\\pantry-app\\.next\\static\\development\\_buildManifest.js.tmp.9fjpcg1dov6'
}
[Error: ENOENT: no such file or directory, open 'C:\Users\josep\OneDrive\Desktop\repos\pantry-app\.next\server\app\page\app-build-manifest.json'] {
  errno: -4058,
  code: 'ENOENT',
  syscall: 'open',
  path: 'C:\\Users\\josep\\OneDrive\\Desktop\\repos\\pantry-app\\.next\\server\\app\\page\\app-build-manifest.json'
}
 ⨯ [Error: ENOENT: no such file or directory, open 'C:\Users\josep\OneDrive\Desktop\repos\pantry-app\.next\static\development\_buildManifest.js.tmp.jo2ucwue36p'] {
  errno: -4058,
  code: 'ENOENT',
  syscall: 'open',
  path: 'C:\\Users\\josep\\OneDrive\\Desktop\\repos\\pantry-app\\.next\\static\\development\\_buildManifest.js.tmp.jo2ucwue36p'
}
[Error: ENOENT: no such file or directory, open 'C:\Users\josep\OneDrive\Desktop\repos\pantry-app\.next\static\development\_buildManifest.js.tmp.hdb4l769uwo'] {
  errno: -4058,
  code: 'ENOENT',
  syscall: 'open',
  path: 'C:\\Users\\josep\\OneDrive\\Desktop\\repos\\pantry-app\\.next\\static\\development\\_buildManifest.js.tmp.hdb4l769uwo'
}
 ⨯ [Error: ENOENT: no such file or directory, open 'C:\Users\josep\OneDrive\Desktop\repos\pantry-app\.next\server\app\page\app-build-manifest.json'] {
  errno: -4058,
  code: 'ENOENT',
  syscall: 'open',
  path: 'C:\\Users\\josep\\OneDrive\\Desktop\\repos\\pantry-app\\.next\\server\\app\\page\\app-build-manifest.json'
}
 ⨯ [Error: ENOENT: no such file or directory, open 'C:\Users\josep\OneDrive\Desktop\repos\pantry-app\.next\static\development\_buildManifest.js.tmp.mrtyrfm6k1'] {
  errno: -4058,
  code: 'ENOENT',
  syscall: 'open',
  path: 'C:\\Users\\josep\\OneDrive\\Desktop\\repos\\pantry-app\\.next\\static\\development\\_buildManifest.js.tmp.mrtyrfm6k1'
}
[Error: ENOENT: no such file or directory, open 'C:\Users\josep\OneDrive\Desktop\repos\pantry-app\.next\server\app\page\app-build-manifest.json'] {
  errno: -4058,
  code: 'ENOENT',
  syscall: 'open',
  path: 'C:\\Users\\josep\\OneDrive\\Desktop\\repos\\pantry-app\\.next\\server\\app\\page\\app-build-manifest.json'
}
 ⨯ [Error: ENOENT: no such file or directory, open 'C:\Users\josep\OneDrive\Desktop\repos\pantry-app\.next\static\development\_buildManifest.js.tmp.ce97f6i5qo5'] {
  errno: -4058,
  code: 'ENOENT',
  syscall: 'open',
  path: 'C:\\Users\\josep\\OneDrive\\Desktop\\repos\\pantry-app\\.next\\static\\development\\_buildManifest.js.tmp.ce97f6i5qo5'
}
[Error: ENOENT: no such file or directory, open 'C:\Users\josep\OneDrive\Desktop\repos\pantry-app\.next\static\development\_buildManifest.js.tmp.xx6pxpn4j7f'] {
  errno: -4058,
  code: 'ENOENT',
  syscall: 'open',
  path: 'C:\\Users\\josep\\OneDrive\\Desktop\\repos\\pantry-app\\.next\\static\\development\\_buildManifest.js.tmp.xx6pxpn4j7f'
}
 ⨯ [Error: ENOENT: no such file or directory, open 'C:\Users\josep\OneDrive\Desktop\repos\pantry-app\.next\server\app\page\app-build-manifest.json'] {
  errno: -4058,
  code: 'ENOENT',
  syscall: 'open',
  path: 'C:\\Users\\josep\\OneDrive\\Desktop\\repos\\pantry-app\\.next\\server\\app\\page\\app-build-manifest.json'
}
 ⨯ [Error: ENOENT: no such file or directory, open 'C:\Users\josep\OneDrive\Desktop\repos\pantry-app\.next\static\development\_buildManifest.js.tmp.puwv91ii5qq'] {
  errno: -4058,
  code: 'ENOENT',
  syscall: 'open',
  path: 'C:\\Users\\josep\\OneDrive\\Desktop\\repos\\pantry-app\\.next\\static\\development\\_buildManifest.js.tmp.puwv91ii5qq'
}
[Error: ENOENT: no such file or directory, open 'C:\Users\josep\OneDrive\Desktop\repos\pantry-app\.next\server\app\page\app-build-manifest.json'] {
  errno: -4058,
  code: 'ENOENT',
  syscall: 'open',
  path: 'C:\\Users\\josep\\OneDrive\\Desktop\\repos\\pantry-app\\.next\\server\\app\\page\\app-build-manifest.json'
}
 ⨯ [Error: ENOENT: no such file or directory, open 'C:\Users\josep\OneDrive\Desktop\repos\pantry-app\.next\static\development\_buildManifest.js.tmp.z559ncl3gy'] {
  errno: -4058,
  code: 'ENOENT',
  syscall: 'open',
  path: 'C:\\Users\\josep\\OneDrive\\Desktop\\repos\\pantry-app\\.next\\static\\development\\_buildManifest.js.tmp.z559ncl3gy'
}
[Error: ENOENT: no such file or directory, open 'C:\Users\josep\OneDrive\Desktop\repos\pantry-app\.next\static\development\_buildManifest.js.tmp.mpoby9uvcsj'] {
  errno: -4058,
  code: 'ENOENT',
  syscall: 'open',
  path: 'C:\\Users\\josep\\OneDrive\\Desktop\\repos\\pantry-app\\.next\\static\\development\\_buildManifest.js.tmp.mpoby9uvcsj'
}
 ⨯ [Error: ENOENT: no such file or directory, open 'C:\Users\josep\OneDrive\Desktop\repos\pantry-app\.next\server\app\page\app-build-manifest.json'] {
  errno: -4058,
  code: 'ENOENT',
  syscall: 'open',
  path: 'C:\\Users\\josep\\OneDrive\\Desktop\\repos\\pantry-app\\.next\\server\\app\\page\\app-build-manifest.json'
}
 ⨯ [Error: ENOENT: no such file or directory, open 'C:\Users\josep\OneDrive\Desktop\repos\pantry-app\.next\static\development\_buildManifest.js.tmp.uzcboei7n9q'] {
  errno: -4058,
  code: 'ENOENT',
  syscall: 'open',
  path: 'C:\\Users\\josep\\OneDrive\\Desktop\\repos\\pantry-app\\.next\\static\\development\\_buildManifest.js.tmp.uzcboei7n9q'
}
[Error: ENOENT: no such file or directory, open 'C:\Users\josep\OneDrive\Desktop\repos\pantry-app\.next\server\app\page\app-build-manifest.json'] {
  errno: -4058,
  code: 'ENOENT',
  syscall: 'open',
  path: 'C:\\Users\\josep\\OneDrive\\Desktop\\repos\\pantry-app\\.next\\server\\app\\page\\app-build-manifest.json'
}
 ⨯ [Error: ENOENT: no such file or directory, open 'C:\Users\josep\OneDrive\Desktop\repos\pantry-app\.next\static\development\_buildManifest.js.tmp.2lue0daulrx'] {
  errno: -4058,
  code: 'ENOENT',
  syscall: 'open',
  path: 'C:\\Users\\josep\\OneDrive\\Desktop\\repos\\pantry-app\\.next\\static\\development\\_buildManifest.js.tmp.2lue0daulrx'
}
[Error: ENOENT: no such file or directory, open 'C:\Users\josep\OneDrive\Desktop\repos\pantry-app\.next\static\development\_buildManifest.js.tmp.vylf8k6khf'] {
  errno: -4058,
  code: 'ENOENT',
  syscall: 'open',
  path: 'C:\\Users\\josep\\OneDrive\\Desktop\\repos\\pantry-app\\.next\\static\\development\\_buildManifest.js.tmp.vylf8k6khf'
}
 ⨯ [Error: ENOENT: no such file or directory, open 'C:\Users\josep\OneDrive\Desktop\repos\pantry-app\.next\server\app\page\app-build-manifest.json'] {
  errno: -4058,
  code: 'ENOENT',
  syscall: 'open',
  path: 'C:\\Users\\josep\\OneDrive\\Desktop\\repos\\pantry-app\\.next\\server\\app\\page\\app-build-manifest.json'
}
 ⨯ [Error: ENOENT: no such file or directory, open 'C:\Users\josep\OneDrive\Desktop\repos\pantry-app\.next\static\development\_buildManifest.js.tmp.3jdt9uk73xv'] {
  errno: -4058,
  code: 'ENOENT',
  syscall: 'open',
  path: 'C:\\Users\\josep\\OneDrive\\Desktop\\repos\\pantry-app\\.next\\static\\development\\_buildManifest.js.tmp.3jdt9uk73xv'
}
[Error: ENOENT: no such file or directory, open 'C:\Users\josep\OneDrive\Desktop\repos\pantry-app\.next\server\app\page\app-build-manifest.json'] {
  errno: -4058,
  code: 'ENOENT',
  syscall: 'open',
  path: 'C:\\Users\\josep\\OneDrive\\Desktop\\repos\\pantry-app\\.next\\server\\app\\page\\app-build-manifest.json'
}
 ⨯ [Error: ENOENT: no such file or directory, open 'C:\Users\josep\OneDrive\Desktop\repos\pantry-app\.next\static\development\_buildManifest.js.tmp.hgs2tp6kq5v'] {
  errno: -4058,
  code: 'ENOENT',
  syscall: 'open',
  path: 'C:\\Users\\josep\\OneDrive\\Desktop\\repos\\pantry-app\\.next\\static\\development\\_buildManifest.js.tmp.hgs2tp6kq5v'
}
[Error: ENOENT: no such file or directory, open 'C:\Users\josep\OneDrive\Desktop\repos\pantry-app\.next\static\development\_buildManifest.js.tmp.n77349dsrea'] {
  errno: -4058,
  code: 'ENOENT',
  syscall: 'open',
  path: 'C:\\Users\\josep\\OneDrive\\Desktop\\repos\\pantry-app\\.next\\static\\development\\_buildManifest.js.tmp.n77349dsrea'
}
